runway,profit_margin,burn_rate,growth_rate,customer_growth,monthly_expenses,monthly_revenue,employees,risk_level
3.5,-181.2,250000.0,-0.1,-10.3,388000.0,138000.0,7,Critical
15.0,38.4,0.0,8.8,7.8,681000.0,1105000.0,26,Healthy
0.6,-301.5,1203000.0,-3.4,-10.3,1602000.0,399000.0,32,Critical
15.7,-9.5,43000.0,3.1,8.7,494000.0,451000.0,31,Moderate Risk
10.6,0.1,0.0,6.9,3.5,943000.0,944000.0,23,Moderate Risk
11.2,-20.4,296000.0,6.6,4.4,1745000.0,1449000.0,35,Moderate Risk
2.0,-191.3,199000.0,-14.0,-6.8,303000.0,104000.0,5,Critical
11.4,11.9,0.0,5.9,9.5,588000.0,667000.0,24,Moderate Risk
10.1,-56.2,222000.0,10.5,13.0,617000.0,395000.0,19,Moderate Risk
10.9,-38.2,298000.0,12.6,8.8,1078000.0,780000.0,36,Moderate Risk
4.5,-240.6,462000.0,-15.4,0.6,654000.0,192000.0,35,Critical
21.9,44.3,0.0,22.1,13.0,758000.0,1360000.0,14,Healthy
14.0,-24.1,567000.0,27.5,22.2,2923000.0,2356000.0,35,Healthy
2.6,-147.3,751000.0,-2.4,-13.9,1261000.0,510000.0,11,Critical
10.1,-39.7,314000.0,9.9,5.7,1105000.0,791000.0,11,Moderate Risk
3.5,-368.3,733000.0,-19.1,-13.1,932000.0,199000.0,32,Critical
6.4,-0.4,3000.0,6.6,10.8,830000.0,827000.0,19,Moderate Risk
20.4,-11.1,382000.0,24.0,33.2,3829000.0,3447000.0,50,Healthy
8.7,-23.0,309000.0,7.6,13.7,1652000.0,1343000.0,13,Moderate Risk
15.4,34.2,0.0,13.9,21.5,768000.0,1167000.0,33,Healthy
7.8,-51.7,492000.0,14.9,9.4,1444000.0,952000.0,15,Moderate Risk
4.1,-111.2,277000.0,-2.9,-3.1,526000.0,249000.0,24,Critical
2.6,-249.5,1008000.0,-14.1,-4.5,1412000.0,404000.0,33,Critical
3.6,-215.7,412000.0,-10.9,-2.8,603000.0,191000.0,27,Critical
2.1,-295.9,1580000.0,-6.3,-13.0,2114000.0,534000.0,37,Critical
7.2,-7.1,50000.0,10.4,4.8,750000.0,700000.0,25,Moderate Risk
11.2,-5.1,18000.0,8.5,8.5,362000.0,344000.0,13,Moderate Risk
0.6,-199.6,964000.0,-9.1,-12.8,1447000.0,483000.0,28,Critical
11.1,-9.9,26000.0,5.8,10.0,293000.0,267000.0,15,Moderate Risk
9.2,-44.6,223000.0,12.1,10.5,723000.0,500000.0,31,Moderate Risk
27.3,-7.6,231000.0,30.5,31.1,3251000.0,3020000.0,63,Healthy
3.8,-350.5,1868000.0,-12.3,-8.0,2401000.0,533000.0,26,Critical
17.1,-14.5,158000.0,21.7,28.1,1246000.0,1088000.0,19,Healthy
10.4,11.5,0.0,8.0,7.1,442000.0,500000.0,7,Moderate Risk
6.8,-35.9,535000.0,11.1,9.6,2025000.0,1490000.0,21,Moderate Risk
2.5,-285.9,203000.0,2.4,-3.0,274000.0,71000.0,27,Critical
31.1,44.7,0.0,22.6,20.5,618000.0,1117000.0,21,Healthy
7.1,-40.7,214000.0,5.6,12.6,740000.0,526000.0,35,Moderate Risk
2.7,-301.3,708000.0,-8.5,-0.4,943000.0,235000.0,28,Critical
7.5,-59.0,855000.0,11.1,4.1,2303000.0,1448000.0,26,Moderate Risk
2.1,-358.3,602000.0,-20.4,-9.2,770000.0,168000.0,23,Critical
10.2,-48.6,303000.0,7.6,5.5,926000.0,623000.0,41,Moderate Risk
17.4,24.1,0.0,20.5,17.2,417000.0,550000.0,42,Healthy
1.0,-112.0,392000.0,-3.4,-1.7,742000.0,350000.0,23,Critical
26.9,-8.3,114000.0,28.8,22.9,1492000.0,1378000.0,68,Healthy
2.6,-209.1,412000.0,0.5,0.4,609000.0,197000.0,28,Critical
3.6,-308.7,784000.0,-0.4,-4.0,1038000.0,254000.0,22,Critical
10.6,-22.5,107000.0,7.2,9.4,583000.0,476000.0,32,Moderate Risk
6.5,-191.7,811000.0,-14.0,-13.1,1234000.0,423000.0,17,Critical
9.3,-46.5,532000.0,8.7,7.2,1677000.0,1145000.0,20,Moderate Risk
9.1,-30.4,315000.0,7.6,8.7,1350000.0,1035000.0,31,Moderate Risk
32.1,48.0,0.0,24.5,20.9,313000.0,601000.0,23,Healthy
0.5,-208.2,943000.0,-13.8,-6.6,1396000.0,453000.0,20,Critical
10.7,-27.2,145000.0,14.4,12.5,678000.0,533000.0,45,Moderate Risk
2.0,-213.0,196000.0,-8.4,-1.0,288000.0,92000.0,32,Critical
1.4,-336.6,1417000.0,-3.9,-9.0,1838000.0,421000.0,17,Critical
35.7,47.5,0.0,5.0,19.0,554000.0,1055000.0,15,Healthy
3.7,-232.2,339000.0,-5.2,-2.7,485000.0,146000.0,35,Critical
2.5,-322.7,597000.0,-9.1,-11.2,782000.0,185000.0,27,Critical
1.4,-213.1,633000.0,-4.2,-5.2,930000.0,297000.0,32,Critical
4.0,-163.3,849000.0,-6.9,-12.7,1369000.0,520000.0,9,Critical
10.0,10.9,0.0,11.9,6.1,870000.0,976000.0,32,Moderate Risk
1.2,-338.5,782000.0,-10.5,-6.3,1013000.0,231000.0,17,Critical
1.7,-93.9,338000.0,-2.7,2.4,698000.0,360000.0,22,Critical
14.7,6.3,0.0,3.4,8.7,510000.0,544000.0,28,Moderate Risk
33.7,44.1,0.0,17.3,19.5,363000.0,650000.0,45,Healthy
32.3,18.2,0.0,18.3,19.1,560000.0,685000.0,37,Healthy
20.9,-19.1,392000.0,31.7,32.3,2445000.0,2053000.0,59,Healthy
10.7,-50.6,334000.0,11.6,12.0,994000.0,660000.0,45,Moderate Risk
15.8,-47.0,336000.0,3.8,9.6,1051000.0,715000.0,13,Moderate Risk
24.4,-10.0,90000.0,37.0,19.3,990000.0,900000.0,37,Healthy
23.1,-26.3,843000.0,38.1,26.7,4050000.0,3207000.0,68,Healthy
11.3,-22.8,243000.0,5.1,7.6,1309000.0,1066000.0,30,Moderate Risk
8.1,-26.0,282000.0,14.8,9.9,1367000.0,1085000.0,28,Moderate Risk
16.7,-5.4,147000.0,21.7,27.5,2887000.0,2740000.0,30,Healthy
16.6,-5.4,113000.0,16.8,21.6,2195000.0,2082000.0,37,Healthy
0.8,-362.2,1065000.0,-16.6,-14.3,1359000.0,294000.0,10,Critical
9.6,9.8,0.0,8.9,5.3,584000.0,648000.0,31,Moderate Risk
9.8,7.6,0.0,6.9,4.6,737000.0,798000.0,9,Moderate Risk
10.9,7.7,0.0,11.3,3.2,750000.0,813000.0,28,Moderate Risk
9.8,9.3,0.0,4.2,6.2,282000.0,311000.0,30,Moderate Risk
16.7,19.8,0.0,18.2,18.4,780000.0,973000.0,12,Healthy
4.9,-50.9,249000.0,2.5,5.2,738000.0,489000.0,42,Moderate Risk
2.0,-369.1,1506000.0,-22.2,-14.1,1914000.0,408000.0,39,Critical
30.3,39.0,0.0,14.2,13.0,1382000.0,2265000.0,44,Healthy
2.9,-143.9,600000.0,-5.4,1.6,1017000.0,417000.0,15,Critical
34.3,33.2,0.0,14.9,21.0,341000.0,510000.0,38,Healthy
26.3,-21.7,442000.0,26.1,18.6,2483000.0,2041000.0,52,Healthy
9.6,-3.2,16000.0,5.6,9.5,530000.0,514000.0,23,Moderate Risk
20.0,19.5,0.0,16.1,13.9,476000.0,591000.0,40,Healthy
17.3,-8.3,284000.0,28.6,19.3,3718000.0,3434000.0,47,Healthy
3.4,-161.0,470000.0,-5.9,-10.8,762000.0,292000.0,7,Critical
3.7,-318.6,1128000.0,-11.9,-4.8,1482000.0,354000.0,10,Critical
2.9,-164.2,371000.0,-8.6,-10.0,597000.0,226000.0,12,Critical
1.4,-229.1,653000.0,-9.4,-4.2,938000.0,285000.0,17,Critical
8.9,8.0,0.0,8.3,9.9,965000.0,1049000.0,21,Moderate Risk
2.6,-258.4,920000.0,-7.7,-5.0,1276000.0,356000.0,22,Critical
12.7,2.1,0.0,7.7,8.7,879000.0,898000.0,20,Moderate Risk
6.6,-57.9,531000.0,15.5,9.4,1448000.0,917000.0,10,Moderate Risk
2.5,-228.5,843000.0,-4.2,-4.0,1212000.0,369000.0,32,Critical
3.6,-141.9,471000.0,-22.6,-7.0,803000.0,332000.0,9,Critical
5.8,-38.2,330000.0,15.8,7.2,1194000.0,864000.0,43,Moderate Risk
2.4,-328.4,1238000.0,-8.4,-1.7,1615000.0,377000.0,33,Critical
1.1,-324.5,1207000.0,-10.9,-4.7,1579000.0,372000.0,23,Critical
3.3,-384.8,1924000.0,0.4,-13.9,2424000.0,500000.0,34,Critical
6.7,-267.1,1146000.0,-18.1,-8.8,1575000.0,429000.0,9,Critical
3.6,-202.8,860000.0,1.2,-2.2,1284000.0,424000.0,14,Critical
10.1,-56.5,732000.0,12.1,11.6,2028000.0,1296000.0,44,Moderate Risk
1.9,-264.2,177000.0,-11.7,2.9,244000.0,67000.0,21,Critical
24.0,-17.6,176000.0,21.3,34.7,1175000.0,999000.0,61,Healthy
6.8,-25.7,128000.0,7.3,4.6,627000.0,499000.0,32,Moderate Risk
23.9,-19.7,305000.0,29.5,34.6,1852000.0,1547000.0,71,Healthy
22.0,41.1,0.0,23.9,14.6,620000.0,1052000.0,8,Healthy
35.5,37.6,0.0,16.1,9.7,1348000.0,2161000.0,16,Healthy
25.1,-6.4,130000.0,16.0,31.9,2150000.0,2020000.0,72,Healthy
21.9,-15.9,390000.0,34.6,13.3,2850000.0,2460000.0,60,Healthy
9.4,4.9,0.0,8.6,5.1,925000.0,973000.0,19,Moderate Risk
18.5,-6.7,81000.0,21.9,18.3,1289000.0,1208000.0,21,Healthy
25.0,-25.1,713000.0,33.8,27.6,3558000.0,2845000.0,56,Healthy
2.9,-178.2,237000.0,-13.4,1.7,370000.0,133000.0,26,Critical
2.3,-143.9,387000.0,-17.8,2.4,656000.0,269000.0,20,Critical
3.7,-385.3,1865000.0,-20.8,1.5,2349000.0,484000.0,39,Critical
7.9,-2.6,18000.0,6.6,5.2,726000.0,708000.0,26,Moderate Risk
11.7,-26.5,264000.0,14.5,33.2,1259000.0,995000.0,73,Healthy
3.0,-227.7,353000.0,-6.3,0.4,508000.0,155000.0,7,Critical
30.5,35.7,0.0,20.5,12.0,1264000.0,1966000.0,10,Healthy
1.5,-321.6,373000.0,-10.4,-9.2,489000.0,116000.0,25,Critical
9.0,-25.6,340000.0,7.9,12.9,1670000.0,1330000.0,14,Moderate Risk
2.5,-268.6,1026000.0,-10.6,-3.0,1408000.0,382000.0,24,Critical
27.4,-12.5,433000.0,31.9,22.5,3900000.0,3467000.0,37,Healthy
13.7,31.0,0.0,20.9,18.5,463000.0,671000.0,16,Healthy
22.9,19.5,0.0,19.4,18.1,1831000.0,2275000.0,42,Healthy
3.4,-116.3,293000.0,-7.8,-10.4,545000.0,252000.0,35,Critical
10.3,-39.5,438000.0,14.8,7.8,1546000.0,1108000.0,28,Moderate Risk
26.5,39.2,0.0,6.9,10.4,1386000.0,2279000.0,44,Healthy
1.3,-287.1,1048000.0,-16.2,0.7,1413000.0,365000.0,9,Critical
8.6,-5.4,130000.0,20.3,15.3,2541000.0,2411000.0,45,Healthy
13.1,-18.0,356000.0,19.8,19.8,2339000.0,1983000.0,55,Healthy
10.9,3.3,0.0,7.8,4.4,517000.0,535000.0,18,Moderate Risk
8.1,-1.6,17000.0,4.4,9.8,1091000.0,1074000.0,10,Moderate Risk
23.3,16.3,0.0,11.4,20.8,1059000.0,1265000.0,30,Healthy
13.3,45.1,0.0,10.1,9.3,749000.0,1365000.0,18,Healthy
2.4,-270.7,563000.0,-15.0,1.1,771000.0,208000.0,4,Critical
1.1,-398.7,893000.0,-5.1,-13.4,1117000.0,224000.0,18,Critical
8.2,-25.4,214000.0,12.7,11.5,1057000.0,843000.0,29,Moderate Risk
19.6,-8.3,267000.0,21.1,30.6,3468000.0,3201000.0,39,Healthy
27.5,44.8,0.0,13.3,13.6,969000.0,1756000.0,45,Healthy
14.4,-15.4,259000.0,34.4,32.2,1941000.0,1682000.0,41,Healthy
26.9,30.6,0.0,24.0,11.9,1284000.0,1850000.0,22,Healthy
5.6,-56.7,524000.0,12.7,9.9,1448000.0,924000.0,36,Moderate Risk
7.5,-28.3,413000.0,7.9,5.2,1871000.0,1458000.0,20,Moderate Risk
11.6,-22.9,113000.0,15.8,7.4,606000.0,493000.0,40,Moderate Risk
3.3,-271.9,957000.0,-10.4,-14.7,1309000.0,352000.0,7,Critical
19.7,39.1,0.0,18.2,17.1,1298000.0,2132000.0,28,Healthy
3.7,-348.0,1152000.0,-23.5,-6.1,1483000.0,331000.0,25,Critical
3.4,-399.2,1497000.0,-13.9,-4.2,1872000.0,375000.0,25,Critical
0.7,-123.8,483000.0,-11.3,1.2,873000.0,390000.0,12,Critical
14.7,8.3,0.0,3.0,6.3,907000.0,989000.0,11,Moderate Risk
7.8,-35.1,284000.0,7.8,8.7,1093000.0,809000.0,43,Moderate Risk
0.7,-151.7,578000.0,-16.5,-7.4,959000.0,381000.0,17,Critical
25.2,24.9,0.0,8.0,11.3,1300000.0,1731000.0,35,Healthy
22.6,-16.3,412000.0,23.0,32.2,2946000.0,2534000.0,67,Healthy
13.8,28.2,0.0,18.7,7.8,1539000.0,2144000.0,17,Healthy
27.3,-10.5,189000.0,26.4,22.5,1981000.0,1792000.0,56,Healthy
0.7,-284.1,483000.0,-19.4,-6.9,653000.0,170000.0,38,Critical
13.0,33.7,0.0,17.1,16.9,1387000.0,2092000.0,12,Healthy
26.4,22.7,0.0,17.5,17.7,531000.0,687000.0,42,Healthy
11.6,-34.5,427000.0,12.9,9.0,1666000.0,1239000.0,22,Moderate Risk
3.4,-193.7,246000.0,-23.6,-7.1,373000.0,127000.0,35,Critical
1.4,-300.6,968000.0,-23.3,-0.2,1290000.0,322000.0,19,Critical
10.5,-25.5,346000.0,13.3,5.3,1703000.0,1357000.0,19,Moderate Risk
17.9,-27.1,788000.0,30.1,15.6,3694000.0,2906000.0,33,Healthy
3.9,-112.5,378000.0,-15.3,-2.2,714000.0,336000.0,15,Critical
10.2,-48.6,228000.0,6.2,10.1,697000.0,469000.0,22,Moderate Risk
14.2,-23.9,354000.0,23.3,30.0,1838000.0,1484000.0,73,Healthy
10.2,5.1,0.0,6.3,10.4,498000.0,525000.0,18,Moderate Risk
11.1,-7.3,28000.0,6.8,6.4,411000.0,383000.0,31,Moderate Risk
6.6,-58.3,740000.0,8.4,11.9,2009000.0,1269000.0,37,Moderate Risk
3.4,-343.5,1168000.0,-12.8,-10.9,1508000.0,340000.0,40,Critical
1.5,-293.0,964000.0,-6.4,-7.4,1293000.0,329000.0,27,Critical
11.9,-35.4,320000.0,15.1,11.6,1225000.0,905000.0,27,Moderate Risk
23.0,-22.4,732000.0,24.3,17.5,4001000.0,3269000.0,38,Healthy
25.0,-21.6,398000.0,39.5,23.4,2240000.0,1842000.0,20,Healthy
8.5,-48.0,706000.0,12.6,4.1,2178000.0,1472000.0,23,Moderate Risk
13.1,34.1,0.0,13.9,8.0,1313000.0,1992000.0,11,Healthy
0.7,-250.8,770000.0,-7.0,-7.2,1077000.0,307000.0,13,Critical
9.8,-42.5,581000.0,10.0,7.4,1949000.0,1368000.0,13,Moderate Risk
20.1,41.2,0.0,24.0,18.3,757000.0,1288000.0,20,Healthy
9.2,-28.8,195000.0,7.0,11.5,872000.0,677000.0,22,Moderate Risk
12.9,1.9,0.0,8.3,9.1,494000.0,504000.0,30,Moderate Risk
6.8,-30.0,332000.0,11.4,13.5,1438000.0,1106000.0,32,Moderate Risk
12.8,8.3,0.0,6.3,7.2,526000.0,574000.0,28,Moderate Risk
7.7,-23.1,243000.0,21.0,27.5,1293000.0,1050000.0,56,Healthy
34.3,15.9,0.0,22.3,16.7,1051000.0,1250000.0,17,Healthy
23.2,-10.1,336000.0,20.2,21.1,3660000.0,3324000.0,60,Healthy
25.5,35.5,0.0,9.7,15.1,335000.0,519000.0,40,Healthy
1.8,-134.1,740000.0,-22.7,-8.3,1292000.0,552000.0,33,Critical
18.4,15.5,0.0,10.2,13.3,1418000.0,1678000.0,15,Healthy
6.7,-44.2,571000.0,14.9,10.0,1863000.0,1292000.0,44,Moderate Risk
8.0,-25.6,205000.0,7.0,10.4,1007000.0,802000.0,21,Moderate Risk
33.5,46.0,0.0,22.4,10.8,644000.0,1192000.0,43,Healthy
7.5,-42.5,230000.0,11.8,8.6,771000.0,541000.0,41,Moderate Risk
21.3,-19.2,352000.0,31.7,33.8,2186000.0,1834000.0,41,Healthy
1.9,-348.9,956000.0,-1.6,-0.2,1230000.0,274000.0,19,Critical
22.3,18.8,0.0,12.8,17.2,1632000.0,2010000.0,39,Healthy
11.4,-6.3,61000.0,7.9,9.1,1034000.0,973000.0,8,Moderate Risk
21.6,36.8,0.0,12.7,8.0,598000.0,946000.0,25,Healthy
23.4,34.2,0.0,17.0,13.4,732000.0,1112000.0,43,Healthy
4.4,-143.1,156000.0,-1.4,-0.6,265000.0,109000.0,32,Critical
21.9,28.8,0.0,11.5,14.5,984000.0,1382000.0,38,Healthy
11.6,7.6,0.0,11.9,9.3,784000.0,849000.0,17,Moderate Risk
10.3,38.8,0.0,14.5,19.3,947000.0,1548000.0,23,Healthy
19.2,-16.2,507000.0,22.6,29.5,3643000.0,3136000.0,42,Healthy
6.2,10.5,0.0,8.3,8.1,352000.0,393000.0,28,Moderate Risk
2.8,-272.5,793000.0,-12.2,-11.8,1084000.0,291000.0,29,Critical
2.2,-125.2,612000.0,-7.4,-15.0,1101000.0,489000.0,7,Critical
14.0,5.6,0.0,4.6,7.2,295000.0,312000.0,24,Moderate Risk
11.4,-4.4,29000.0,11.3,3.7,683000.0,654000.0,25,Moderate Risk
18.7,-28.9,623000.0,35.1,31.3,2777000.0,2154000.0,63,Healthy
14.8,19.4,0.0,9.8,15.3,1917000.0,2378000.0,25,Healthy
0.7,-238.2,212000.0,-8.8,-8.8,301000.0,89000.0,33,Critical
10.3,-26.5,205000.0,9.3,7.8,979000.0,774000.0,26,Moderate Risk
0.5,-319.5,1214000.0,-0.1,-9.8,1594000.0,380000.0,36,Critical
17.9,-12.6,409000.0,17.6,33.8,3664000.0,3255000.0,37,Healthy
2.0,-248.9,891000.0,-9.0,2.9,1249000.0,358000.0,30,Critical
22.2,43.8,0.0,11.6,15.1,579000.0,1030000.0,20,Healthy
3.0,-178.1,538000.0,-11.3,-11.0,840000.0,302000.0,28,Critical
5.6,-55.9,785000.0,14.0,7.0,2190000.0,1405000.0,27,Moderate Risk
21.6,33.7,0.0,10.4,16.5,1485000.0,2240000.0,9,Healthy
4.4,-106.7,384000.0,-7.2,2.9,744000.0,360000.0,17,Critical
1.7,-133.2,646000.0,-12.7,-12.2,1131000.0,485000.0,15,Critical
8.6,8.1,0.0,10.4,6.6,1026000.0,1116000.0,7,Moderate Risk
2.7,-364.1,699000.0,-6.0,-15.0,891000.0,192000.0,9,Critical
1.6,-257.1,1373000.0,-12.6,-10.8,1907000.0,534000.0,30,Critical
11.7,6.0,0.0,11.6,4.7,1020000.0,1085000.0,25,Moderate Risk
27.8,-27.2,353000.0,38.9,24.1,1650000.0,1297000.0,71,Healthy
4.3,-181.3,455000.0,-11.4,-5.6,706000.0,251000.0,19,Critical
22.5,16.5,0.0,17.2,18.3,826000.0,989000.0,11,Healthy
3.3,-163.4,647000.0,-7.0,-10.0,1043000.0,396000.0,13,Critical
0.7,-327.9,800000.0,-3.3,-10.0,1044000.0,244000.0,15,Critical
16.0,-13.5,388000.0,18.1,12.1,3263000.0,2875000.0,64,Healthy
24.5,-18.8,386000.0,37.3,22.3,2435000.0,2049000.0,69,Healthy
2.0,-125.4,445000.0,-14.5,-8.3,800000.0,355000.0,6,Critical
1.2,-253.2,904000.0,-8.7,-2.4,1261000.0,357000.0,4,Critical
15.8,-12.2,108000.0,36.3,13.6,996000.0,888000.0,32,Healthy
1.5,-146.1,827000.0,-15.0,-8.6,1393000.0,566000.0,9,Critical
6.7,-0.7,8000.0,8.3,8.6,1080000.0,1072000.0,29,Moderate Risk
6.9,-0.7,8000.0,4.6,6.1,1197000.0,1189000.0,29,Moderate Risk
4.4,-225.0,927000.0,-15.9,-8.8,1339000.0,412000.0,34,Critical
13.7,-26.3,568000.0,39.0,13.8,2726000.0,2158000.0,29,Healthy
27.5,-23.0,724000.0,29.6,20.1,3868000.0,3144000.0,54,Healthy
8.5,-29.3,230000.0,13.8,8.5,1014000.0,784000.0,41,Moderate Risk
6.8,-8.9,72000.0,10.7,3.4,886000.0,814000.0,9,Moderate Risk
15.6,-12.2,123000.0,22.3,24.4,1132000.0,1009000.0,26,Healthy
10.1,-57.7,576000.0,12.4,12.9,1575000.0,999000.0,44,Moderate Risk
10.3,23.5,0.0,18.1,20.2,926000.0,1210000.0,43,Healthy
29.1,39.8,0.0,14.8,8.2,1008000.0,1674000.0,18,Healthy
7.0,-1.0,5000.0,8.7,9.1,463000.0,458000.0,25,Moderate Risk
22.5,29.4,0.0,16.9,9.4,702000.0,995000.0,31,Healthy
23.6,42.2,0.0,21.7,18.2,586000.0,1014000.0,29,Healthy
7.2,1.8,0.0,7.7,8.9,502000.0,511000.0,30,Moderate Risk
1.1,-204.1,198000.0,-12.4,1.3,295000.0,97000.0,19,Critical
1.2,-192.4,152000.0,-3.9,-2.8,231000.0,79000.0,15,Critical
5.3,6.5,0.0,11.0,6.6,592000.0,633000.0,21,Moderate Risk
25.8,-21.9,498000.0,31.7,30.5,2773000.0,2275000.0,34,Healthy
12.4,-8.0,74000.0,11.2,7.2,1000000.0,926000.0,28,Moderate Risk
7.2,5.3,0.0,8.8,8.0,1109000.0,1171000.0,26,Moderate Risk
2.4,-205.0,1060000.0,-12.5,-14.5,1577000.0,517000.0,5,Critical
1.3,-309.1,1023000.0,-6.9,-1.9,1354000.0,331000.0,38,Critical
8.6,36.6,0.0,18.5,21.1,1440000.0,2271000.0,25,Healthy
3.2,-248.6,348000.0,-7.5,-12.0,488000.0,140000.0,7,Critical
1.7,-181.7,743000.0,-16.2,-4.7,1152000.0,409000.0,17,Critical
9.3,-28.4,699000.0,20.3,13.5,3159000.0,2460000.0,56,Healthy
23.9,22.8,0.0,14.1,15.6,1609000.0,2084000.0,37,Healthy
1.8,-135.3,115000.0,-0.4,-0.9,200000.0,85000.0,29,Critical
32.9,17.6,0.0,18.5,10.6,692000.0,840000.0,45,Healthy
31.0,27.4,0.0,21.8,17.1,812000.0,1119000.0,41,Healthy
17.9,-16.7,572000.0,22.3,14.4,3988000.0,3416000.0,28,Healthy
7.0,8.8,0.0,9.7,10.7,414000.0,454000.0,18,Moderate Risk
7.8,-42.9,381000.0,13.6,7.2,1270000.0,889000.0,24,Moderate Risk
2.0,-236.3,1113000.0,-20.6,-2.6,1584000.0,471000.0,32,Critical
1.2,-232.6,1391000.0,-4.9,-13.4,1989000.0,598000.0,11,Critical
10.6,-25.0,125000.0,8.0,12.9,625000.0,500000.0,11,Moderate Risk
2.9,-169.1,323000.0,-0.6,-1.5,514000.0,191000.0,15,Critical
3.5,-234.9,1226000.0,-0.4,-4.2,1748000.0,522000.0,31,Critical
2.2,-211.4,721000.0,2.8,-10.7,1062000.0,341000.0,30,Critical
8.6,6.5,0.0,7.2,6.6,606000.0,648000.0,24,Moderate Risk
27.3,40.4,0.0,12.5,18.1,302000.0,507000.0,43,Healthy
12.7,-0.4,2000.0,5.9,5.0,547000.0,545000.0,19,Moderate Risk
3.8,-273.3,552000.0,-17.6,2.5,754000.0,202000.0,6,Critical
15.5,-40.1,559000.0,3.2,7.2,1954000.0,1395000.0,24,Moderate Risk
5.0,-54.4,257000.0,5.9,7.3,729000.0,472000.0,21,Moderate Risk
3.0,-158.6,376000.0,-8.6,-8.9,613000.0,237000.0,24,Critical
9.4,-20.9,282000.0,26.7,32.8,1632000.0,1350000.0,72,Healthy
3.7,-265.2,374000.0,0.6,-6.7,515000.0,141000.0,13,Critical
8.5,-8.9,25000.0,5.6,5.9,306000.0,281000.0,20,Moderate Risk
7.8,-5.0,40000.0,7.1,8.0,836000.0,796000.0,19,Moderate Risk
3.2,-346.1,1066000.0,-6.3,-11.5,1374000.0,308000.0,22,Critical
24.7,37.1,0.0,18.8,7.8,620000.0,985000.0,34,Healthy
11.8,-4.3,45000.0,4.7,3.2,1091000.0,1046000.0,7,Moderate Risk
17.5,35.8,0.0,23.4,19.9,412000.0,642000.0,12,Healthy
2.6,-181.2,348000.0,-14.5,-2.9,540000.0,192000.0,15,Critical
11.1,-59.7,838000.0,6.4,12.7,2241000.0,1403000.0,25,Moderate Risk
11.0,3.2,0.0,6.3,10.5,470000.0,486000.0,6,Moderate Risk
3.4,-172.2,563000.0,-5.1,-11.6,890000.0,327000.0,15,Critical
9.5,22.8,0.0,24.2,11.5,789000.0,1022000.0,44,Healthy
15.4,-38.5,577000.0,2.7,12.4,2075000.0,1498000.0,19,Moderate Risk
21.8,17.1,0.0,17.2,13.2,1586000.0,1913000.0,21,Healthy
0.6,-167.1,356000.0,-8.5,1.4,569000.0,213000.0,16,Critical
26.6,19.7,0.0,21.3,7.5,1932000.0,2406000.0,12,Healthy
3.5,-129.4,132000.0,-5.1,-8.0,234000.0,102000.0,18,Critical
34.6,24.9,0.0,24.7,18.6,795000.0,1058000.0,21,Healthy
15.8,-43.4,198000.0,4.0,11.1,654000.0,456000.0,19,Moderate Risk
16.3,20.1,0.0,5.9,16.4,1354000.0,1694000.0,18,Healthy
24.6,-10.7,311000.0,19.7,16.4,3206000.0,2895000.0,34,Healthy
4.3,-230.4,424000.0,-15.5,-7.2,608000.0,184000.0,13,Critical
2.2,-399.5,759000.0,-22.2,-7.6,949000.0,190000.0,10,Critical
12.7,9.7,0.0,6.1,8.9,507000.0,562000.0,17,Moderate Risk
3.1,-324.6,779000.0,-18.3,-9.4,1019000.0,240000.0,19,Critical
3.9,-307.0,660000.0,-13.0,-3.4,875000.0,215000.0,11,Critical
17.5,-18.5,487000.0,33.2,30.2,3115000.0,2628000.0,62,Healthy
25.4,24.1,0.0,18.1,18.0,1007000.0,1327000.0,19,Healthy
0.8,-155.7,626000.0,-2.9,-1.5,1028000.0,402000.0,25,Critical
14.5,-24.0,597000.0,28.3,33.3,3086000.0,2489000.0,46,Healthy
10.6,9.8,0.0,5.8,4.8,1037000.0,1150000.0,15,Moderate Risk
21.1,-14.6,352000.0,6.8,17.8,2762000.0,2410000.0,53,Healthy
10.8,-49.7,319000.0,9.5,12.5,961000.0,642000.0,21,Moderate Risk
17.8,32.3,0.0,18.5,10.8,1581000.0,2336000.0,30,Healthy
18.3,-19.7,316000.0,28.8,13.4,1919000.0,1603000.0,65,Healthy
11.9,-52.9,792000.0,5.1,10.7,2288000.0,1496000.0,38,Moderate Risk
6.0,6.4,0.0,8.2,7.2,239000.0,255000.0,18,Moderate Risk
11.4,2.7,0.0,5.7,3.3,994000.0,1022000.0,14,Moderate Risk
10.5,-43.1,641000.0,9.4,5.4,2127000.0,1486000.0,17,Moderate Risk
1.1,-270.7,555000.0,-10.9,-10.6,760000.0,205000.0,35,Critical
2.0,-147.5,388000.0,-16.7,-8.1,651000.0,263000.0,11,Critical
15.7,-2.2,16000.0,3.6,6.9,757000.0,741000.0,25,Moderate Risk
26.7,-8.8,160000.0,15.7,31.1,1971000.0,1811000.0,23,Healthy
8.7,-55.4,810000.0,9.2,9.5,2273000.0,1463000.0,16,Moderate Risk
1.2,-121.2,332000.0,-21.8,-6.0,606000.0,274000.0,11,Critical
2.6,-349.1,974000.0,-12.9,-8.0,1253000.0,279000.0,31,Critical
10.3,-28.1,431000.0,21.3,24.5,1963000.0,1532000.0,60,Healthy
32.6,46.9,0.0,20.3,21.7,415000.0,782000.0,43,Healthy
27.0,18.5,0.0,22.3,14.6,1235000.0,1515000.0,20,Healthy
2.1,-228.6,439000.0,-20.6,-11.2,631000.0,192000.0,31,Critical
4.2,-170.5,515000.0,-7.2,1.7,817000.0,302000.0,27,Critical
18.2,-28.8,446000.0,35.7,22.8,1997000.0,1551000.0,65,Healthy
2.9,-169.1,372000.0,-8.9,-2.8,592000.0,220000.0,10,Critical
22.7,-28.1,430000.0,19.7,19.5,1959000.0,1529000.0,67,Healthy
23.3,-10.7,175000.0,22.2,29.1,1803000.0,1628000.0,66,Healthy
24.2,-28.0,689000.0,26.1,31.0,3152000.0,2463000.0,55,Healthy
4.5,-246.3,1096000.0,-8.7,-9.8,1541000.0,445000.0,6,Critical
2.1,-128.4,420000.0,-15.5,-7.2,747000.0,327000.0,15,Critical
11.0,-31.8,195000.0,10.2,12.7,808000.0,613000.0,14,Moderate Risk
11.5,-7.5,52000.0,7.8,10.2,752000.0,700000.0,14,Moderate Risk
8.1,-5.0,59000.0,9.9,9.2,1233000.0,1174000.0,16,Moderate Risk
3.5,-311.7,1041000.0,-17.5,-5.2,1375000.0,334000.0,12,Critical
6.7,2.4,0.0,6.3,7.3,1102000.0,1129000.0,17,Moderate Risk
4.0,-198.5,266000.0,-1.8,-7.7,400000.0,134000.0,14,Critical
12.5,8.7,0.0,7.1,9.7,481000.0,527000.0,16,Moderate Risk
11.4,-7.0,80000.0,4.9,3.8,1226000.0,1146000.0,20,Moderate Risk
9.0,-27.8,291000.0,37.0,33.4,1339000.0,1048000.0,44,Healthy
25.3,-16.0,151000.0,22.9,29.7,1096000.0,945000.0,56,Healthy
1.4,-315.0,630000.0,-12.4,1.1,830000.0,200000.0,9,Critical
3.3,-177.1,581000.0,-8.0,-4.5,909000.0,328000.0,34,Critical
33.2,20.8,0.0,11.0,20.8,1842000.0,2326000.0,33,Healthy
15.7,-38.9,384000.0,3.3,10.2,1370000.0,986000.0,35,Moderate Risk
3.6,-223.8,385000.0,-3.9,-7.9,557000.0,172000.0,14,Critical
3.9,-245.4,427000.0,-10.6,-12.9,601000.0,174000.0,6,Critical
1.8,-395.9,1560000.0,-14.5,-5.3,1954000.0,394000.0,36,Critical
2.2,-322.6,1342000.0,-17.1,2.9,1758000.0,416000.0,6,Critical
28.4,38.2,0.0,9.2,16.5,1137000.0,1840000.0,42,Healthy
34.7,18.8,0.0,15.9,10.8,1175000.0,1447000.0,31,Healthy
24.7,-28.9,869000.0,21.6,18.6,3879000.0,3010000.0,63,Healthy
24.7,-5.2,154000.0,32.2,19.8,3139000.0,2985000.0,27,Healthy
23.7,-8.5,101000.0,28.0,29.2,1287000.0,1186000.0,45,Healthy
9.9,-43.6,611000.0,8.4,6.4,2013000.0,1402000.0,17,Moderate Risk
8.8,-42.3,384000.0,8.7,5.2,1291000.0,907000.0,42,Moderate Risk
1.1,-311.9,549000.0,-8.8,-7.2,725000.0,176000.0,30,Critical
9.6,-52.8,214000.0,10.3,5.0,619000.0,405000.0,23,Moderate Risk
0.6,-300.8,794000.0,-19.1,-12.6,1058000.0,264000.0,5,Critical
1.8,-212.5,374000.0,-24.9,-3.0,550000.0,176000.0,36,Critical
1.6,-124.5,726000.0,-15.9,-2.7,1309000.0,583000.0,30,Critical
2.9,-350.5,389000.0,-17.5,-5.6,500000.0,111000.0,40,Critical
3.6,-100.9,110000.0,-12.7,-2.8,219000.0,109000.0,21,Critical
9.2,-58.6,664000.0,13.5,11.6,1797000.0,1133000.0,39,Moderate Risk
9.3,8.1,0.0,8.8,3.7,932000.0,1014000.0,14,Moderate Risk
2.2,-283.2,1096000.0,-10.0,-2.1,1483000.0,387000.0,14,Critical
11.7,-26.9,346000.0,14.4,9.6,1630000.0,1284000.0,45,Moderate Risk
13.3,-18.9,646000.0,20.3,16.7,4059000.0,3413000.0,59,Healthy
6.1,-31.9,349000.0,9.3,9.5,1442000.0,1093000.0,41,Moderate Risk
10.3,4.6,0.0,10.1,7.3,851000.0,892000.0,7,Moderate Risk
20.0,43.7,0.0,24.3,7.2,821000.0,1459000.0,20,Healthy
7.3,9.3,0.0,4.8,4.0,951000.0,1049000.0,14,Moderate Risk
8.0,-1.2,14000.0,9.7,9.1,1165000.0,1151000.0,19,Moderate Risk
35.4,17.8,0.0,9.2,14.9,1503000.0,1829000.0,40,Healthy
3.0,-164.4,934000.0,-4.9,-5.7,1502000.0,568000.0,12,Critical
9.4,-4.7,42000.0,7.6,10.7,939000.0,897000.0,21,Moderate Risk
2.1,-353.0,1991000.0,-7.7,-8.9,2555000.0,564000.0,31,Critical
12.2,1.3,0.0,5.2,4.3,373000.0,378000.0,11,Moderate Risk
5.7,-27.4,218000.0,13.0,10.6,1015000.0,797000.0,15,Moderate Risk
24.5,-28.4,494000.0,21.1,14.8,2236000.0,1742000.0,61,Healthy
18.5,-26.8,845000.0,27.7,22.5,3993000.0,3148000.0,64,Healthy
2.0,-164.8,346000.0,-8.3,-11.5,556000.0,210000.0,23,Critical
5.7,-363.7,2073000.0,-5.0,-11.0,2643000.0,570000.0,9,Critical
14.9,-9.9,158000.0,28.8,17.7,1755000.0,1597000.0,53,Healthy
3.8,-200.7,1102000.0,-22.0,-10.3,1651000.0,549000.0,14,Critical
3.7,-300.0,627000.0,-5.7,-13.2,836000.0,209000.0,9,Critical
27.3,-6.7,94000.0,5.4,12.7,1499000.0,1405000.0,33,Healthy
13.6,28.2,0.0,23.5,15.5,1515000.0,2110000.0,28,Healthy
10.3,-2.7,31000.0,10.4,5.6,1182000.0,1151000.0,16,Moderate Risk
8.4,4.7,0.0,8.2,8.6,1124000.0,1179000.0,9,Moderate Risk
2.1,-254.2,1426000.0,-24.0,-12.7,1987000.0,561000.0,14,Critical
4.7,-47.3,349000.0,15.5,11.7,1087000.0,738000.0,11,Moderate Risk
1.9,-247.3,1019000.0,-2.9,-8.5,1431000.0,412000.0,19,Critical
34.6,20.6,0.0,10.6,16.9,1195000.0,1505000.0,29,Healthy
17.3,-13.5,262000.0,32.8,29.9,2196000.0,1934000.0,54,Healthy
7.8,-38.5,521000.0,8.4,9.5,1874000.0,1353000.0,21,Moderate Risk
7.8,11.9,0.0,7.3,6.1,769000.0,873000.0,7,Moderate Risk
4.9,-30.6,256000.0,5.7,6.6,1092000.0,836000.0,16,Moderate Risk
11.5,1.2,0.0,10.4,7.9,341000.0,345000.0,27,Moderate Risk
24.4,46.6,0.0,8.9,10.7,455000.0,852000.0,15,Healthy
2.3,-235.0,1053000.0,-10.2,-8.9,1501000.0,448000.0,6,Critical
4.1,-266.5,421000.0,-1.3,-1.2,579000.0,158000.0,11,Critical
5.5,-228.6,471000.0,-10.4,-5.2,677000.0,206000.0,29,Critical
0.9,-231.1,1003000.0,-6.6,-3.8,1437000.0,434000.0,21,Critical
0.8,-285.3,856000.0,-0.0,1.6,1156000.0,300000.0,9,Critical
3.8,-344.4,1646000.0,-15.4,-3.7,2124000.0,478000.0,30,Critical
9.3,-7.9,263000.0,18.6,34.1,3599000.0,3336000.0,34,Healthy
8.0,5.5,0.0,6.1,9.9,526000.0,557000.0,27,Moderate Risk
27.5,-12.4,151000.0,29.1,24.5,1369000.0,1218000.0,65,Healthy
1.9,-235.9,1274000.0,-13.0,0.9,1814000.0,540000.0,22,Critical
3.3,-116.1,202000.0,-12.2,-4.1,376000.0,174000.0,17,Critical
2.0,-260.4,862000.0,1.0,-4.1,1193000.0,331000.0,20,Critical
6.8,-38.3,258000.0,10.3,8.8,932000.0,674000.0,38,Moderate Risk
28.6,36.7,0.0,8.5,11.1,1087000.0,1718000.0,27,Healthy
10.2,-49.6,274000.0,7.3,13.1,826000.0,552000.0,42,Moderate Risk
0.5,-198.7,308000.0,-13.3,-5.0,463000.0,155000.0,25,Critical
7.0,6.7,0.0,6.3,7.3,697000.0,747000.0,28,Moderate Risk
10.1,29.9,0.0,17.7,17.0,742000.0,1058000.0,29,Healthy
17.8,17.7,0.0,17.4,9.3,847000.0,1029000.0,34,Healthy
24.6,-25.4,867000.0,17.6,17.8,4276000.0,3409000.0,59,Healthy
25.3,27.5,0.0,9.0,7.1,498000.0,687000.0,18,Healthy
8.7,-4.5,50000.0,4.1,10.8,1151000.0,1101000.0,28,Moderate Risk
13.0,-29.6,586000.0,7.3,16.4,2564000.0,1978000.0,20,Healthy
15.2,-25.6,572000.0,23.0,18.3,2808000.0,2236000.0,74,Healthy
32.2,28.6,0.0,11.9,17.6,1449000.0,2029000.0,8,Healthy
27.2,-12.7,108000.0,22.9,29.6,957000.0,849000.0,30,Healthy
4.2,-206.3,328000.0,-4.6,1.8,487000.0,159000.0,21,Critical
2.7,-170.2,194000.0,-4.4,-0.9,308000.0,114000.0,17,Critical
8.3,-24.3,192000.0,11.4,6.6,983000.0,791000.0,44,Moderate Risk
7.0,-52.6,377000.0,15.6,8.5,1094000.0,717000.0,35,Moderate Risk
3.0,-382.3,2137000.0,-0.3,1.8,2696000.0,559000.0,5,Critical
9.9,-0.1,0.0,7.3,3.2,428000.0,428000.0,17,Moderate Risk
16.2,-16.7,332000.0,24.5,18.3,2318000.0,1986000.0,52,Healthy
1.6,-134.4,86000.0,-1.4,-7.4,150000.0,64000.0,24,Critical
12.4,-4.3,45000.0,11.3,3.5,1087000.0,1042000.0,18,Moderate Risk
1.7,-172.3,336000.0,-5.2,-10.3,531000.0,195000.0,40,Critical
8.5,42.2,0.0,11.6,16.6,1386000.0,2398000.0,9,Healthy
7.3,-1.6,10000.0,4.4,6.5,612000.0,602000.0,14,Moderate Risk
23.3,-17.2,493000.0,33.2,22.6,3354000.0,2861000.0,64,Healthy
4.1,-193.4,321000.0,-10.5,-7.7,487000.0,166000.0,8,Critical
9.0,10.4,0.0,8.9,6.2,770000.0,859000.0,8,Moderate Risk
22.2,29.2,0.0,15.9,17.9,491000.0,694000.0,14,Healthy
22.2,-11.1,237000.0,14.1,29.3,2372000.0,2135000.0,67,Healthy
23.0,31.9,0.0,9.0,13.9,958000.0,1407000.0,27,Healthy
5.8,-57.7,258000.0,15.2,8.3,705000.0,447000.0,35,Moderate Risk
7.6,-29.8,334000.0,17.3,34.5,1454000.0,1120000.0,71,Healthy
3.9,-89.8,283000.0,-4.0,0.6,598000.0,315000.0,23,Critical
10.5,1.1,0.0,7.2,7.7,793000.0,802000.0,7,Moderate Risk
7.2,-31.6,215000.0,12.1,6.7,895000.0,680000.0,38,Moderate Risk
4.8,-6.1,32000.0,5.5,4.4,561000.0,529000.0,22,Moderate Risk
9.3,7.6,0.0,8.3,7.0,278000.0,301000.0,18,Moderate Risk
4.6,-2.1,22000.0,7.4,3.9,1082000.0,1060000.0,30,Moderate Risk
4.5,-86.5,64000.0,-13.0,-6.2,138000.0,74000.0,23,Critical
0.9,-138.8,590000.0,-13.5,-7.9,1015000.0,425000.0,30,Critical
6.2,11.1,0.0,10.4,8.7,373000.0,420000.0,26,Moderate Risk
2.3,-167.6,114000.0,0.1,-3.5,182000.0,68000.0,30,Critical
24.3,20.5,0.0,9.9,14.6,927000.0,1166000.0,30,Healthy
15.1,-16.5,559000.0,32.1,18.9,3949000.0,3390000.0,70,Healthy
25.5,32.1,0.0,25.0,14.2,1298000.0,1912000.0,32,Healthy
12.6,-0.6,5000.0,7.9,9.1,918000.0,913000.0,17,Moderate Risk
21.9,-13.6,126000.0,23.9,24.1,1053000.0,927000.0,62,Healthy
9.2,7.2,0.0,5.8,7.4,791000.0,852000.0,18,Moderate Risk
24.2,-26.6,219000.0,39.3,32.9,1041000.0,822000.0,65,Healthy
1.3,-249.0,600000.0,-16.9,-10.3,841000.0,241000.0,13,Critical
13.2,26.6,0.0,5.3,20.2,683000.0,930000.0,38,Healthy
3.6,-365.9,1200000.0,-18.4,-5.9,1528000.0,328000.0,7,Critical
4.5,-261.7,314000.0,2.4,-0.7,434000.0,120000.0,9,Critical
1.1,-359.6,881000.0,-23.1,-0.7,1126000.0,245000.0,35,Critical
1.1,-199.5,419000.0,-24.4,-13.4,629000.0,210000.0,18,Critical
8.4,-24.0,508000.0,30.8,23.3,2627000.0,2119000.0,68,Healthy
10.9,-32.8,459000.0,11.3,5.2,1858000.0,1399000.0,13,Moderate Risk
7.5,-6.3,73000.0,5.5,3.3,1225000.0,1152000.0,8,Moderate Risk
0.6,-323.5,1834000.0,-19.6,-7.1,2401000.0,567000.0,20,Critical
16.1,-12.2,134000.0,15.2,21.7,1234000.0,1100000.0,68,Healthy
2.4,-324.0,1066000.0,-4.4,-10.6,1395000.0,329000.0,11,Critical
4.9,2.3,0.0,10.3,9.4,933000.0,955000.0,15,Moderate Risk
1.2,-241.6,865000.0,-11.2,-7.3,1223000.0,358000.0,23,Critical
17.4,-27.9,562000.0,16.1,34.2,2573000.0,2011000.0,73,Healthy
2.0,-276.8,919000.0,-7.5,-14.4,1251000.0,332000.0,15,Critical
10.7,-44.7,180000.0,12.8,4.8,583000.0,403000.0,19,Moderate Risk
1.5,-168.0,650000.0,-0.9,-5.8,1037000.0,387000.0,8,Critical
21.1,-10.0,333000.0,35.6,17.6,3675000.0,3342000.0,62,Healthy
3.8,-230.4,1060000.0,-9.6,-5.9,1520000.0,460000.0,7,Critical
11.8,-27.0,291000.0,12.6,13.3,1370000.0,1079000.0,32,Moderate Risk
8.7,10.5,0.0,5.8,8.9,295000.0,330000.0,20,Moderate Risk
6.1,-20.5,119000.0,6.2,9.7,700000.0,581000.0,41,Moderate Risk
3.3,-369.4,1991000.0,-24.2,-5.6,2530000.0,539000.0,22,Critical
3.7,-164.8,575000.0,-23.5,-8.8,924000.0,349000.0,18,Critical
26.4,-21.2,353000.0,16.3,25.2,2020000.0,1667000.0,52,Healthy
8.6,-44.8,435000.0,12.2,11.2,1407000.0,972000.0,17,Moderate Risk
8.1,-20.7,247000.0,5.4,9.5,1441000.0,1194000.0,15,Moderate Risk
18.5,-15.0,297000.0,38.9,19.8,2277000.0,1980000.0,29,Healthy
15.8,30.4,0.0,19.7,20.8,1278000.0,1836000.0,27,Healthy
6.5,-247.1,430000.0,-11.8,-11.1,604000.0,174000.0,13,Critical
1.1,-186.2,914000.0,-10.8,-14.4,1405000.0,491000.0,10,Critical
1.6,-168.0,205000.0,-1.5,-0.3,327000.0,122000.0,15,Critical
12.6,-26.5,616000.0,27.7,13.0,2944000.0,2328000.0,31,Healthy
30.5,46.3,0.0,12.5,10.2,355000.0,662000.0,44,Healthy
8.9,7.5,0.0,8.0,8.1,951000.0,1028000.0,13,Moderate Risk
12.7,4.3,0.0,8.0,8.6,1131000.0,1182000.0,16,Moderate Risk
18.4,40.8,0.0,18.6,13.0,385000.0,650000.0,13,Healthy
3.2,-338.7,1768000.0,-10.4,-14.9,2290000.0,522000.0,35,Critical
15.8,-5.3,57000.0,26.4,19.8,1134000.0,1077000.0,21,Healthy
23.1,19.5,0.0,8.9,12.7,1437000.0,1785000.0,21,Healthy
4.6,-5.9,46000.0,11.1,6.9,831000.0,785000.0,15,Moderate Risk
0.6,-358.8,1880000.0,-0.7,1.5,2404000.0,524000.0,5,Critical
21.4,-27.3,918000.0,32.7,23.6,4283000.0,3365000.0,71,Healthy
26.6,-14.1,313000.0,16.9,31.1,2539000.0,2226000.0,75,Healthy
12.2,34.8,0.0,13.1,10.2,842000.0,1291000.0,16,Healthy
10.1,-25.9,96000.0,6.6,5.1,467000.0,371000.0,43,Moderate Risk
10.6,-2.1,19000.0,11.8,3.7,909000.0,890000.0,14,Moderate Risk
14.6,-16.1,330000.0,26.3,32.7,2385000.0,2055000.0,68,Healthy
7.2,11.6,0.0,11.1,3.7,421000.0,476000.0,28,Moderate Risk
0.9,-185.3,328000.0,-3.5,-4.7,505000.0,177000.0,32,Critical
10.3,8.5,0.0,10.9,10.6,392000.0,428000.0,21,Moderate Risk
0.9,-331.4,1508000.0,-20.0,-8.5,1963000.0,455000.0,40,Critical
7.0,-39.3,546000.0,6.0,7.1,1937000.0,1391000.0,36,Moderate Risk
7.4,-5.5,59000.0,6.0,7.9,1138000.0,1079000.0,10,Moderate Risk
23.9,-15.0,389000.0,15.0,14.0,2978000.0,2589000.0,34,Healthy
2.1,-352.1,1236000.0,-10.6,-1.0,1587000.0,351000.0,23,Critical
8.1,-8.5,227000.0,25.7,12.1,2906000.0,2679000.0,23,Healthy
6.2,-321.4,540000.0,1.3,-11.6,708000.0,168000.0,13,Critical
20.8,19.1,0.0,20.7,10.9,832000.0,1029000.0,32,Healthy
10.0,-26.1,227000.0,11.9,7.0,1096000.0,869000.0,16,Moderate Risk
8.8,-43.6,370000.0,15.6,4.0,1219000.0,849000.0,13,Moderate Risk
21.0,-18.9,566000.0,28.6,19.6,3558000.0,2992000.0,25,Healthy
4.8,-10.0,92000.0,5.1,4.8,1011000.0,919000.0,27,Moderate Risk
25.7,46.1,0.0,17.8,7.6,705000.0,1308000.0,13,Healthy
11.7,-3.0,13000.0,8.9,8.1,436000.0,423000.0,9,Moderate Risk
18.4,-23.7,827000.0,16.6,26.6,4320000.0,3493000.0,73,Healthy
1.4,-163.1,788000.0,-13.9,-9.5,1271000.0,483000.0,11,Critical
6.7,-3.0,29000.0,4.0,5.5,982000.0,953000.0,17,Moderate Risk
9.9,33.0,0.0,23.4,19.4,904000.0,1350000.0,12,Healthy
10.3,4.1,0.0,10.0,7.7,727000.0,758000.0,28,Moderate Risk
0.5,-339.3,1391000.0,-1.9,-11.8,1801000.0,410000.0,35,Critical
2.1,-353.6,2044000.0,-7.3,0.2,2622000.0,578000.0,31,Critical
21.7,-12.3,125000.0,5.6,20.3,1138000.0,1013000.0,30,Healthy
1.2,-150.7,324000.0,-18.6,-8.0,539000.0,215000.0,17,Critical
10.4,-53.2,225000.0,8.3,14.0,648000.0,423000.0,38,Moderate Risk
4.0,-264.8,1054000.0,-16.9,-9.9,1452000.0,398000.0,19,Critical
4.3,-308.4,293000.0,1.9,-6.8,388000.0,95000.0,14,Critical
1.7,-249.4,656000.0,2.4,-3.9,919000.0,263000.0,12,Critical
7.2,9.9,0.0,7.2,5.4,543000.0,603000.0,28,Moderate Risk
1.4,-224.6,640000.0,-15.5,1.6,925000.0,285000.0,40,Critical
26.1,-20.7,698000.0,26.7,24.4,4074000.0,3376000.0,57,Healthy
11.8,-5.3,23000.0,9.9,9.1,452000.0,429000.0,17,Moderate Risk
25.4,-7.7,108000.0,23.6,29.5,1513000.0,1405000.0,54,Healthy
30.1,35.1,0.0,21.3,10.5,1583000.0,2439000.0,23,Healthy
17.0,40.3,0.0,11.7,20.0,380000.0,637000.0,29,Healthy
2.3,-208.2,606000.0,0.8,-13.3,897000.0,291000.0,39,Critical
8.7,-4.3,30000.0,10.3,4.8,738000.0,708000.0,28,Moderate Risk
5.5,-30.9,322000.0,7.1,4.2,1363000.0,1041000.0,13,Moderate Risk
12.8,12.0,0.0,10.7,7.5,226000.0,257000.0,25,Moderate Risk
9.0,-56.1,612000.0,5.0,13.4,1703000.0,1091000.0,37,Moderate Risk
27.9,17.3,0.0,13.6,11.7,1016000.0,1228000.0,15,Healthy
2.1,-151.3,407000.0,-23.9,-3.5,676000.0,269000.0,12,Critical
19.6,-7.7,169000.0,38.6,13.0,2355000.0,2186000.0,68,Healthy
1.5,-157.2,904000.0,-7.5,-13.5,1479000.0,575000.0,35,Critical
11.6,5.9,0.0,8.4,9.9,963000.0,1023000.0,12,Moderate Risk
12.3,-23.2,687000.0,29.7,30.9,3650000.0,2963000.0,52,Healthy
2.3,-373.0,1518000.0,-24.7,-7.3,1925000.0,407000.0,35,Critical
8.5,-2.6,18000.0,8.5,10.5,695000.0,677000.0,14,Moderate Risk
29.7,15.8,0.0,13.6,21.0,1905000.0,2263000.0,23,Healthy
10.3,-9.0,118000.0,26.1,32.2,1431000.0,1313000.0,49,Healthy
25.5,28.7,0.0,11.8,9.2,885000.0,1241000.0,24,Healthy
26.6,-26.0,717000.0,39.5,24.3,3472000.0,2755000.0,43,Healthy
0.8,-375.2,1013000.0,-20.8,-11.2,1283000.0,270000.0,17,Critical
2.7,-216.0,661000.0,-16.2,-4.9,967000.0,306000.0,38,Critical
24.6,-23.3,526000.0,5.8,23.2,2779000.0,2253000.0,35,Healthy
5.9,-43.9,617000.0,9.2,5.3,2024000.0,1407000.0,11,Moderate Risk
3.0,-276.7,285000.0,2.7,-4.7,388000.0,103000.0,22,Critical
15.0,32.0,0.0,9.4,9.4,1308000.0,1923000.0,36,Healthy
2.1,-237.8,880000.0,-12.9,2.5,1250000.0,370000.0,34,Critical
6.7,-28.6,145000.0,8.1,12.8,652000.0,507000.0,12,Moderate Risk
21.2,-12.7,327000.0,25.1,27.9,2911000.0,2584000.0,40,Healthy
7.5,0.5,0.0,5.3,9.7,703000.0,707000.0,6,Moderate Risk
3.1,-296.9,478000.0,-14.3,0.8,639000.0,161000.0,35,Critical
3.3,-197.2,424000.0,-2.0,-4.8,639000.0,215000.0,16,Critical
11.2,-49.5,384000.0,9.9,8.3,1159000.0,775000.0,10,Moderate Risk
8.3,2.1,0.0,7.4,6.7,724000.0,740000.0,31,Moderate Risk
3.6,-278.7,917000.0,-16.7,-1.6,1246000.0,329000.0,19,Critical
12.6,-6.1,41000.0,9.3,10.7,715000.0,674000.0,29,Moderate Risk
10.8,5.7,0.0,9.1,6.8,543000.0,576000.0,27,Moderate Risk
8.0,-2.9,21000.0,8.4,4.0,741000.0,720000.0,21,Moderate Risk
1.2,-333.8,257000.0,-17.3,-10.4,334000.0,77000.0,16,Critical
28.2,35.4,0.0,12.6,16.9,526000.0,815000.0,39,Healthy
16.7,-20.8,456000.0,35.3,29.3,2648000.0,2192000.0,61,Healthy
11.5,-8.6,31000.0,5.8,4.6,396000.0,365000.0,18,Moderate Risk
12.0,-29.1,593000.0,26.5,21.2,2630000.0,2037000.0,61,Healthy
0.5,-83.0,151000.0,-16.6,-5.8,333000.0,182000.0,10,Critical
21.7,-6.3,166000.0,22.7,19.6,2799000.0,2633000.0,53,Healthy
7.9,-42.8,425000.0,9.2,9.9,1419000.0,994000.0,14,Moderate Risk
0.7,-304.0,1669000.0,-14.7,1.3,2218000.0,549000.0,19,Critical
8.6,-55.3,497000.0,6.0,7.8,1396000.0,899000.0,36,Moderate Risk
3.4,-282.4,418000.0,-24.7,-6.2,566000.0,148000.0,28,Critical
3.9,-139.7,264000.0,-19.6,-8.3,453000.0,189000.0,36,Critical
9.0,-9.8,69000.0,5.1,10.1,768000.0,699000.0,26,Moderate Risk
6.7,5.3,0.0,9.3,9.5,373000.0,394000.0,19,Moderate Risk
6.3,-104.4,214000.0,-16.1,-2.7,419000.0,205000.0,7,Critical
2.0,-142.4,141000.0,-13.9,-2.1,240000.0,99000.0,15,Critical
22.7,23.6,0.0,24.9,11.3,782000.0,1024000.0,39,Healthy
1.0,-327.4,730000.0,-15.2,-11.7,953000.0,223000.0,26,Critical
21.9,-18.6,596000.0,21.9,17.6,3796000.0,3200000.0,69,Healthy
2.1,-223.8,826000.0,-9.3,-2.7,1195000.0,369000.0,14,Critical
22.9,-13.1,342000.0,28.4,16.4,2943000.0,2601000.0,60,Healthy
6.0,-153.0,632000.0,-3.4,2.0,1045000.0,413000.0,31,Critical
13.0,-15.4,419000.0,14.5,19.5,3135000.0,2716000.0,69,Healthy
8.5,9.8,0.0,5.5,10.6,520000.0,576000.0,31,Moderate Risk
11.4,-51.2,722000.0,12.6,5.7,2131000.0,1409000.0,18,Moderate Risk
9.3,-8.5,98000.0,6.3,9.8,1254000.0,1156000.0,16,Moderate Risk
12.9,6.0,0.0,10.8,3.8,353000.0,376000.0,24,Moderate Risk
2.5,-334.5,1582000.0,-6.8,-3.1,2055000.0,473000.0,32,Critical
7.6,-51.3,749000.0,8.1,11.9,2210000.0,1461000.0,33,Moderate Risk
25.7,-26.4,913000.0,23.9,22.4,4373000.0,3460000.0,71,Healthy
23.4,23.1,0.0,22.4,8.1,422000.0,549000.0,34,Healthy
1.0,-252.7,331000.0,-23.6,1.8,462000.0,131000.0,6,Critical
1.4,-302.5,1225000.0,-17.7,-1.4,1630000.0,405000.0,21,Critical
10.7,4.2,0.0,6.2,6.3,1019000.0,1064000.0,6,Moderate Risk
6.8,-58.5,785000.0,11.3,10.5,2126000.0,1341000.0,21,Moderate Risk
26.8,37.0,0.0,16.2,14.3,1094000.0,1736000.0,8,Healthy
11.9,-8.4,34000.0,6.4,5.5,439000.0,405000.0,9,Moderate Risk
21.1,40.3,0.0,8.1,12.3,1321000.0,2213000.0,32,Healthy
19.5,20.4,0.0,17.8,20.9,1637000.0,2056000.0,44,Healthy
2.6,-280.9,646000.0,0.0,-4.6,876000.0,230000.0,36,Critical
24.5,-6.1,199000.0,21.6,20.6,3438000.0,3239000.0,27,Healthy
30.3,18.9,0.0,18.3,18.9,2018000.0,2488000.0,22,Healthy
11.9,-22.9,286000.0,10.3,8.0,1533000.0,1247000.0,42,Moderate Risk
3.3,-389.1,1210000.0,-17.2,-14.4,1521000.0,311000.0,24,Critical
7.4,-8.5,44000.0,7.9,5.6,565000.0,521000.0,27,Moderate Risk
9.8,-22.6,187000.0,5.1,12.7,1016000.0,829000.0,43,Moderate Risk
22.6,43.2,0.0,19.6,17.8,471000.0,829000.0,39,Healthy
9.6,-57.5,663000.0,7.2,10.2,1817000.0,1154000.0,28,Moderate Risk
8.3,0.5,0.0,8.9,9.5,268000.0,269000.0,16,Moderate Risk
1.1,-271.2,857000.0,-14.1,-4.4,1173000.0,316000.0,34,Critical
9.2,-42.4,280000.0,9.4,10.9,940000.0,660000.0,13,Moderate Risk
23.8,19.6,0.0,20.8,19.9,2006000.0,2495000.0,17,Healthy
32.0,18.9,0.0,16.5,17.7,1154000.0,1423000.0,40,Healthy
10.9,-20.4,188000.0,7.7,4.9,1108000.0,920000.0,31,Moderate Risk
3.5,-260.9,334000.0,-3.0,0.6,462000.0,128000.0,11,Critical
7.4,-53.0,265000.0,8.2,11.3,765000.0,500000.0,43,Moderate Risk
8.2,-20.5,274000.0,13.6,11.2,1610000.0,1336000.0,45,Moderate Risk
15.4,10.5,0.0,2.9,5.3,840000.0,938000.0,25,Moderate Risk
3.6,-194.8,863000.0,-15.7,-11.7,1306000.0,443000.0,34,Critical
35.5,24.1,0.0,8.3,19.2,1183000.0,1559000.0,35,Healthy
3.8,-98.4,253000.0,-2.0,-4.1,510000.0,257000.0,16,Critical
6.7,-44.2,242000.0,9.3,10.5,789000.0,547000.0,25,Moderate Risk
10.0,27.2,0.0,22.2,17.6,1645000.0,2259000.0,41,Healthy
8.5,41.0,0.0,17.2,18.1,644000.0,1092000.0,41,Healthy
6.6,1.8,0.0,5.8,4.7,633000.0,645000.0,16,Moderate Risk
22.0,20.2,0.0,15.9,12.1,1498000.0,1877000.0,17,Healthy
10.4,-28.9,141000.0,13.8,12.5,629000.0,488000.0,28,Moderate Risk
23.6,-29.8,369000.0,21.8,19.7,1608000.0,1239000.0,71,Healthy
12.2,10.0,0.0,6.4,10.0,1076000.0,1196000.0,14,Moderate Risk
24.1,-15.2,135000.0,33.9,34.5,1021000.0,886000.0,59,Healthy
4.0,-243.5,414000.0,-10.9,1.5,584000.0,170000.0,16,Critical
12.5,-17.9,542000.0,31.4,16.2,3575000.0,3033000.0,26,Healthy
6.4,0.7,0.0,7.0,3.3,455000.0,458000.0,12,Moderate Risk
2.9,-102.8,406000.0,0.2,1.5,801000.0,395000.0,30,Critical
7.8,-35.1,182000.0,5.3,10.8,700000.0,518000.0,18,Moderate Risk
2.0,-239.4,1015000.0,-17.9,-2.4,1439000.0,424000.0,21,Critical
10.4,5.9,0.0,5.2,6.3,629000.0,668000.0,27,Moderate Risk
9.3,-44.5,452000.0,8.8,12.5,1468000.0,1016000.0,21,Moderate Risk
27.7,23.8,0.0,24.5,15.7,1291000.0,1694000.0,22,Healthy
20.7,-5.2,166000.0,16.8,34.6,3333000.0,3167000.0,36,Healthy
1.2,-87.4,222000.0,-5.3,-7.1,476000.0,254000.0,23,Critical
18.7,-18.2,636000.0,29.7,14.3,4121000.0,3485000.0,62,Healthy
1.0,-176.6,581000.0,0.9,-4.7,910000.0,329000.0,32,Critical
5.6,-28.0,220000.0,12.7,13.2,1007000.0,787000.0,45,Moderate Risk
7.9,-27.4,152000.0,12.9,5.2,706000.0,554000.0,24,Moderate Risk
1.7,-375.6,1619000.0,-22.1,-10.0,2050000.0,431000.0,29,Critical
14.7,31.1,0.0,14.2,21.8,1170000.0,1698000.0,27,Healthy
21.3,-7.0,70000.0,15.7,18.3,1068000.0,998000.0,58,Healthy
0.8,-204.8,426000.0,-3.8,-1.8,634000.0,208000.0,10,Critical
22.7,44.7,0.0,9.5,17.2,776000.0,1404000.0,28,Healthy
2.2,-359.2,1214000.0,-14.4,-6.6,1552000.0,338000.0,29,Critical
0.8,-395.5,617000.0,-22.0,-12.7,773000.0,156000.0,28,Critical
22.5,-9.8,319000.0,28.8,22.1,3560000.0,3241000.0,67,Healthy
2.6,-145.4,506000.0,-4.1,-9.7,854000.0,348000.0,29,Critical
4.1,-243.0,848000.0,-2.5,-2.1,1197000.0,349000.0,27,Critical
10.6,1.0,0.0,10.8,9.5,621000.0,627000.0,25,Moderate Risk
0.6,-204.9,547000.0,1.9,-4.0,814000.0,267000.0,28,Critical
7.0,-9.4,70000.0,9.4,4.6,817000.0,747000.0,30,Moderate Risk
18.2,30.7,0.0,12.2,16.6,1377000.0,1987000.0,41,Healthy
27.6,28.1,0.0,12.2,8.7,1121000.0,1559000.0,19,Healthy
6.8,7.8,0.0,10.8,8.2,493000.0,535000.0,27,Moderate Risk
2.9,-254.8,400000.0,1.1,-11.0,557000.0,157000.0,23,Critical
11.3,-59.4,529000.0,14.6,8.9,1420000.0,891000.0,42,Moderate Risk
21.2,22.9,0.0,22.6,13.2,1898000.0,2462000.0,28,Healthy
26.0,-14.0,228000.0,26.1,30.5,1861000.0,1633000.0,64,Healthy
1.4,-340.5,630000.0,-17.0,-9.4,815000.0,185000.0,8,Critical
1.4,-338.4,775000.0,-23.3,-8.4,1004000.0,229000.0,8,Critical
3.1,-203.0,741000.0,-6.2,-4.6,1106000.0,365000.0,18,Critical
2.6,-170.2,589000.0,-5.9,1.6,935000.0,346000.0,5,Critical
16.0,44.8,0.0,8.0,12.9,1230000.0,2229000.0,37,Healthy
22.8,21.3,0.0,15.2,11.2,785000.0,997000.0,23,Healthy
15.1,-18.4,239000.0,19.9,31.7,1535000.0,1296000.0,27,Healthy
3.5,-287.0,287000.0,-17.5,-0.6,387000.0,100000.0,17,Critical
5.3,-7.8,73000.0,5.8,10.9,1010000.0,937000.0,15,Moderate Risk
11.0,7.2,0.0,4.9,6.3,635000.0,684000.0,26,Moderate Risk
21.2,24.6,0.0,18.5,10.7,523000.0,694000.0,18,Healthy
8.0,-58.7,460000.0,5.4,6.0,1244000.0,784000.0,33,Moderate Risk
9.2,-6.6,63000.0,6.7,3.7,1023000.0,960000.0,7,Moderate Risk
17.7,35.1,0.0,10.7,15.3,1587000.0,2446000.0,43,Healthy
25.1,-10.4,292000.0,21.0,24.9,3110000.0,2818000.0,35,Healthy
5.5,3.8,0.0,4.1,10.4,283000.0,294000.0,11,Moderate Risk
8.1,6.1,0.0,5.4,3.0,572000.0,609000.0,28,Moderate Risk
5.5,-308.8,880000.0,-7.5,-5.8,1165000.0,285000.0,27,Critical
4.2,-291.2,1031000.0,-13.7,1.5,1385000.0,354000.0,15,Critical
29.2,28.1,0.0,16.1,13.2,454000.0,631000.0,34,Healthy
6.7,-9.5,55000.0,7.3,10.7,633000.0,578000.0,9,Moderate Risk
15.1,-26.1,271000.0,29.3,24.1,1309000.0,1038000.0,43,Healthy
12.0,4.6,0.0,6.6,6.8,264000.0,277000.0,23,Moderate Risk
11.6,4.5,0.0,6.3,3.3,422000.0,442000.0,25,Moderate Risk
12.0,-50.7,474000.0,15.7,5.0,1409000.0,935000.0,25,Moderate Risk
8.2,5.0,0.0,11.3,10.6,1103000.0,1161000.0,18,Moderate Risk
5.9,-89.1,122000.0,-5.5,-5.0,259000.0,137000.0,20,Critical
2.1,-151.8,686000.0,-6.4,-12.6,1138000.0,452000.0,38,Critical
16.2,39.7,0.0,14.5,17.6,311000.0,515000.0,40,Healthy
0.7,-205.7,430000.0,-10.3,-2.3,639000.0,209000.0,8,Critical
2.1,-344.0,461000.0,-19.3,-1.5,595000.0,134000.0,24,Critical
1.6,-161.5,796000.0,-12.2,-2.3,1289000.0,493000.0,40,Critical
7.9,-6.3,57000.0,6.1,4.2,958000.0,901000.0,11,Moderate Risk
27.3,30.5,0.0,24.7,10.8,890000.0,1281000.0,9,Healthy
28.5,18.3,0.0,17.3,21.7,1806000.0,2211000.0,30,Healthy
11.0,-25.6,803000.0,36.6,22.6,3938000.0,3135000.0,21,Healthy
3.1,-175.6,467000.0,-3.1,-13.7,733000.0,266000.0,34,Critical
11.7,-4.3,35000.0,4.2,3.5,838000.0,803000.0,26,Moderate Risk
11.2,-1.7,17000.0,6.5,4.6,988000.0,971000.0,13,Moderate Risk
2.2,-124.3,608000.0,-24.8,-11.9,1097000.0,489000.0,10,Critical
