revenue,expenses,growth_rate,customer_growth,burn_rate,runway,profit_margin,employee_count,startup_health
138000.0,388000.0,-0.1,-10.3,250000.0,3.5,-181.2,7,Critical
1105000.0,681000.0,8.8,7.8,0.0,15.0,38.4,26,Healthy
399000.0,1602000.0,-3.4,-10.3,1203000.0,0.6,-301.5,32,Critical
451000.0,494000.0,3.1,8.7,43000.0,15.7,-9.5,31,Moderate Risk
944000.0,943000.0,6.9,3.5,0.0,10.6,0.1,23,Moderate Risk
1449000.0,1745000.0,6.6,4.4,296000.0,11.2,-20.4,35,Moderate Risk
104000.0,303000.0,-14.0,-6.8,199000.0,2.0,-191.3,5,Critical
667000.0,588000.0,5.9,9.5,0.0,11.4,11.9,24,Moderate Risk
395000.0,617000.0,10.5,13.0,222000.0,10.1,-56.2,19,Moderate Risk
780000.0,1078000.0,12.6,8.8,298000.0,10.9,-38.2,36,Moderate Risk
192000.0,654000.0,-15.4,0.6,462000.0,4.5,-240.6,35,Critical
1360000.0,758000.0,22.1,13.0,0.0,21.9,44.3,14,Healthy
2356000.0,2923000.0,27.5,22.2,567000.0,14.0,-24.1,35,Healthy
510000.0,1261000.0,-2.4,-13.9,751000.0,2.6,-147.3,11,Critical
791000.0,1105000.0,9.9,5.7,314000.0,10.1,-39.7,11,Moderate Risk
199000.0,932000.0,-19.1,-13.1,733000.0,3.5,-368.3,32,Critical
827000.0,830000.0,6.6,10.8,3000.0,6.4,-0.4,19,Moderate Risk
3447000.0,3829000.0,24.0,33.2,382000.0,20.4,-11.1,50,Healthy
1343000.0,1652000.0,7.6,13.7,309000.0,8.7,-23.0,13,Moderate Risk
1167000.0,768000.0,13.9,21.5,0.0,15.4,34.2,33,Healthy
952000.0,1444000.0,14.9,9.4,492000.0,7.8,-51.7,15,Moderate Risk
249000.0,526000.0,-2.9,-3.1,277000.0,4.1,-111.2,24,Critical
404000.0,1412000.0,-14.1,-4.5,1008000.0,2.6,-249.5,33,Critical
191000.0,603000.0,-10.9,-2.8,412000.0,3.6,-215.7,27,Critical
534000.0,2114000.0,-6.3,-13.0,1580000.0,2.1,-295.9,37,Critical
700000.0,750000.0,10.4,4.8,50000.0,7.2,-7.1,25,Moderate Risk
344000.0,362000.0,8.5,8.5,18000.0,11.2,-5.1,13,Moderate Risk
483000.0,1447000.0,-9.1,-12.8,964000.0,0.6,-199.6,28,Critical
267000.0,293000.0,5.8,10.0,26000.0,11.1,-9.9,15,Moderate Risk
500000.0,723000.0,12.1,10.5,223000.0,9.2,-44.6,31,Moderate Risk
3020000.0,3251000.0,30.5,31.1,231000.0,27.3,-7.6,63,Healthy
533000.0,2401000.0,-12.3,-8.0,1868000.0,3.8,-350.5,26,Critical
1088000.0,1246000.0,21.7,28.1,158000.0,17.1,-14.5,19,Healthy
500000.0,442000.0,8.0,7.1,0.0,10.4,11.5,7,Moderate Risk
1490000.0,2025000.0,11.1,9.6,535000.0,6.8,-35.9,21,Moderate Risk
71000.0,274000.0,2.4,-3.0,203000.0,2.5,-285.9,27,Critical
1117000.0,618000.0,22.6,20.5,0.0,31.1,44.7,21,Healthy
526000.0,740000.0,5.6,12.6,214000.0,7.1,-40.7,35,Moderate Risk
235000.0,943000.0,-8.5,-0.4,708000.0,2.7,-301.3,28,Critical
1448000.0,2303000.0,11.1,4.1,855000.0,7.5,-59.0,26,Moderate Risk
168000.0,770000.0,-20.4,-9.2,602000.0,2.1,-358.3,23,Critical
623000.0,926000.0,7.6,5.5,303000.0,10.2,-48.6,41,Moderate Risk
550000.0,417000.0,20.5,17.2,0.0,17.4,24.1,42,Healthy
350000.0,742000.0,-3.4,-1.7,392000.0,1.0,-112.0,23,Critical
1378000.0,1492000.0,28.8,22.9,114000.0,26.9,-8.3,68,Healthy
197000.0,609000.0,0.5,0.4,412000.0,2.6,-209.1,28,Critical
254000.0,1038000.0,-0.4,-4.0,784000.0,3.6,-308.7,22,Critical
476000.0,583000.0,7.2,9.4,107000.0,10.6,-22.5,32,Moderate Risk
423000.0,1234000.0,-14.0,-13.1,811000.0,6.5,-191.7,17,Critical
1145000.0,1677000.0,8.7,7.2,532000.0,9.3,-46.5,20,Moderate Risk
1035000.0,1350000.0,7.6,8.7,315000.0,9.1,-30.4,31,Moderate Risk
601000.0,313000.0,24.5,20.9,0.0,32.1,48.0,23,Healthy
453000.0,1396000.0,-13.8,-6.6,943000.0,0.5,-208.2,20,Critical
533000.0,678000.0,14.4,12.5,145000.0,10.7,-27.2,45,Moderate Risk
92000.0,288000.0,-8.4,-1.0,196000.0,2.0,-213.0,32,Critical
421000.0,1838000.0,-3.9,-9.0,1417000.0,1.4,-336.6,17,Critical
1055000.0,554000.0,5.0,19.0,0.0,35.7,47.5,15,Healthy
146000.0,485000.0,-5.2,-2.7,339000.0,3.7,-232.2,35,Critical
185000.0,782000.0,-9.1,-11.2,597000.0,2.5,-322.7,27,Critical
297000.0,930000.0,-4.2,-5.2,633000.0,1.4,-213.1,32,Critical
520000.0,1369000.0,-6.9,-12.7,849000.0,4.0,-163.3,9,Critical
976000.0,870000.0,11.9,6.1,0.0,10.0,10.9,32,Moderate Risk
231000.0,1013000.0,-10.5,-6.3,782000.0,1.2,-338.5,17,Critical
360000.0,698000.0,-2.7,2.4,338000.0,1.7,-93.9,22,Critical
544000.0,510000.0,3.4,8.7,0.0,14.7,6.3,28,Moderate Risk
650000.0,363000.0,17.3,19.5,0.0,33.7,44.1,45,Healthy
685000.0,560000.0,18.3,19.1,0.0,32.3,18.2,37,Healthy
2053000.0,2445000.0,31.7,32.3,392000.0,20.9,-19.1,59,Healthy
660000.0,994000.0,11.6,12.0,334000.0,10.7,-50.6,45,Moderate Risk
715000.0,1051000.0,3.8,9.6,336000.0,15.8,-47.0,13,Moderate Risk
900000.0,990000.0,37.0,19.3,90000.0,24.4,-10.0,37,Healthy
3207000.0,4050000.0,38.1,26.7,843000.0,23.1,-26.3,68,Healthy
1066000.0,1309000.0,5.1,7.6,243000.0,11.3,-22.8,30,Moderate Risk
1085000.0,1367000.0,14.8,9.9,282000.0,8.1,-26.0,28,Moderate Risk
2740000.0,2887000.0,21.7,27.5,147000.0,16.7,-5.4,30,Healthy
2082000.0,2195000.0,16.8,21.6,113000.0,16.6,-5.4,37,Healthy
294000.0,1359000.0,-16.6,-14.3,1065000.0,0.8,-362.2,10,Critical
648000.0,584000.0,8.9,5.3,0.0,9.6,9.8,31,Moderate Risk
798000.0,737000.0,6.9,4.6,0.0,9.8,7.6,9,Moderate Risk
813000.0,750000.0,11.3,3.2,0.0,10.9,7.7,28,Moderate Risk
311000.0,282000.0,4.2,6.2,0.0,9.8,9.3,30,Moderate Risk
973000.0,780000.0,18.2,18.4,0.0,16.7,19.8,12,Healthy
489000.0,738000.0,2.5,5.2,249000.0,4.9,-50.9,42,Moderate Risk
408000.0,1914000.0,-22.2,-14.1,1506000.0,2.0,-369.1,39,Critical
2265000.0,1382000.0,14.2,13.0,0.0,30.3,39.0,44,Healthy
417000.0,1017000.0,-5.4,1.6,600000.0,2.9,-143.9,15,Critical
510000.0,341000.0,14.9,21.0,0.0,34.3,33.2,38,Healthy
2041000.0,2483000.0,26.1,18.6,442000.0,26.3,-21.7,52,Healthy
514000.0,530000.0,5.6,9.5,16000.0,9.6,-3.2,23,Moderate Risk
591000.0,476000.0,16.1,13.9,0.0,20.0,19.5,40,Healthy
3434000.0,3718000.0,28.6,19.3,284000.0,17.3,-8.3,47,Healthy
292000.0,762000.0,-5.9,-10.8,470000.0,3.4,-161.0,7,Critical
354000.0,1482000.0,-11.9,-4.8,1128000.0,3.7,-318.6,10,Critical
226000.0,597000.0,-8.6,-10.0,371000.0,2.9,-164.2,12,Critical
285000.0,938000.0,-9.4,-4.2,653000.0,1.4,-229.1,17,Critical
1049000.0,965000.0,8.3,9.9,0.0,8.9,8.0,21,Moderate Risk
356000.0,1276000.0,-7.7,-5.0,920000.0,2.6,-258.4,22,Critical
898000.0,879000.0,7.7,8.7,0.0,12.7,2.1,20,Moderate Risk
917000.0,1448000.0,15.5,9.4,531000.0,6.6,-57.9,10,Moderate Risk
369000.0,1212000.0,-4.2,-4.0,843000.0,2.5,-228.5,32,Critical
332000.0,803000.0,-22.6,-7.0,471000.0,3.6,-141.9,9,Critical
864000.0,1194000.0,15.8,7.2,330000.0,5.8,-38.2,43,Moderate Risk
377000.0,1615000.0,-8.4,-1.7,1238000.0,2.4,-328.4,33,Critical
372000.0,1579000.0,-10.9,-4.7,1207000.0,1.1,-324.5,23,Critical
500000.0,2424000.0,0.4,-13.9,1924000.0,3.3,-384.8,34,Critical
429000.0,1575000.0,-18.1,-8.8,1146000.0,6.7,-267.1,9,Critical
424000.0,1284000.0,1.2,-2.2,860000.0,3.6,-202.8,14,Critical
1296000.0,2028000.0,12.1,11.6,732000.0,10.1,-56.5,44,Moderate Risk
67000.0,244000.0,-11.7,2.9,177000.0,1.9,-264.2,21,Critical
999000.0,1175000.0,21.3,34.7,176000.0,24.0,-17.6,61,Healthy
499000.0,627000.0,7.3,4.6,128000.0,6.8,-25.7,32,Moderate Risk
1547000.0,1852000.0,29.5,34.6,305000.0,23.9,-19.7,71,Healthy
1052000.0,620000.0,23.9,14.6,0.0,22.0,41.1,8,Healthy
2161000.0,1348000.0,16.1,9.7,0.0,35.5,37.6,16,Healthy
2020000.0,2150000.0,16.0,31.9,130000.0,25.1,-6.4,72,Healthy
2460000.0,2850000.0,34.6,13.3,390000.0,21.9,-15.9,60,Healthy
973000.0,925000.0,8.6,5.1,0.0,9.4,4.9,19,Moderate Risk
1208000.0,1289000.0,21.9,18.3,81000.0,18.5,-6.7,21,Healthy
2845000.0,3558000.0,33.8,27.6,713000.0,25.0,-25.1,56,Healthy
133000.0,370000.0,-13.4,1.7,237000.0,2.9,-178.2,26,Critical
269000.0,656000.0,-17.8,2.4,387000.0,2.3,-143.9,20,Critical
484000.0,2349000.0,-20.8,1.5,1865000.0,3.7,-385.3,39,Critical
708000.0,726000.0,6.6,5.2,18000.0,7.9,-2.6,26,Moderate Risk
995000.0,1259000.0,14.5,33.2,264000.0,11.7,-26.5,73,Healthy
155000.0,508000.0,-6.3,0.4,353000.0,3.0,-227.7,7,Critical
1966000.0,1264000.0,20.5,12.0,0.0,30.5,35.7,10,Healthy
116000.0,489000.0,-10.4,-9.2,373000.0,1.5,-321.6,25,Critical
1330000.0,1670000.0,7.9,12.9,340000.0,9.0,-25.6,14,Moderate Risk
382000.0,1408000.0,-10.6,-3.0,1026000.0,2.5,-268.6,24,Critical
3467000.0,3900000.0,31.9,22.5,433000.0,27.4,-12.5,37,Healthy
671000.0,463000.0,20.9,18.5,0.0,13.7,31.0,16,Healthy
2275000.0,1831000.0,19.4,18.1,0.0,22.9,19.5,42,Healthy
252000.0,545000.0,-7.8,-10.4,293000.0,3.4,-116.3,35,Critical
1108000.0,1546000.0,14.8,7.8,438000.0,10.3,-39.5,28,Moderate Risk
2279000.0,1386000.0,6.9,10.4,0.0,26.5,39.2,44,Healthy
365000.0,1413000.0,-16.2,0.7,1048000.0,1.3,-287.1,9,Critical
2411000.0,2541000.0,20.3,15.3,130000.0,8.6,-5.4,45,Healthy
1983000.0,2339000.0,19.8,19.8,356000.0,13.1,-18.0,55,Healthy
535000.0,517000.0,7.8,4.4,0.0,10.9,3.3,18,Moderate Risk
1074000.0,1091000.0,4.4,9.8,17000.0,8.1,-1.6,10,Moderate Risk
1265000.0,1059000.0,11.4,20.8,0.0,23.3,16.3,30,Healthy
1365000.0,749000.0,10.1,9.3,0.0,13.3,45.1,18,Healthy
208000.0,771000.0,-15.0,1.1,563000.0,2.4,-270.7,4,Critical
224000.0,1117000.0,-5.1,-13.4,893000.0,1.1,-398.7,18,Critical
843000.0,1057000.0,12.7,11.5,214000.0,8.2,-25.4,29,Moderate Risk
3201000.0,3468000.0,21.1,30.6,267000.0,19.6,-8.3,39,Healthy
1756000.0,969000.0,13.3,13.6,0.0,27.5,44.8,45,Healthy
1682000.0,1941000.0,34.4,32.2,259000.0,14.4,-15.4,41,Healthy
1850000.0,1284000.0,24.0,11.9,0.0,26.9,30.6,22,Healthy
924000.0,1448000.0,12.7,9.9,524000.0,5.6,-56.7,36,Moderate Risk
1458000.0,1871000.0,7.9,5.2,413000.0,7.5,-28.3,20,Moderate Risk
493000.0,606000.0,15.8,7.4,113000.0,11.6,-22.9,40,Moderate Risk
352000.0,1309000.0,-10.4,-14.7,957000.0,3.3,-271.9,7,Critical
2132000.0,1298000.0,18.2,17.1,0.0,19.7,39.1,28,Healthy
331000.0,1483000.0,-23.5,-6.1,1152000.0,3.7,-348.0,25,Critical
375000.0,1872000.0,-13.9,-4.2,1497000.0,3.4,-399.2,25,Critical
390000.0,873000.0,-11.3,1.2,483000.0,0.7,-123.8,12,Critical
989000.0,907000.0,3.0,6.3,0.0,14.7,8.3,11,Moderate Risk
809000.0,1093000.0,7.8,8.7,284000.0,7.8,-35.1,43,Moderate Risk
381000.0,959000.0,-16.5,-7.4,578000.0,0.7,-151.7,17,Critical
1731000.0,1300000.0,8.0,11.3,0.0,25.2,24.9,35,Healthy
2534000.0,2946000.0,23.0,32.2,412000.0,22.6,-16.3,67,Healthy
2144000.0,1539000.0,18.7,7.8,0.0,13.8,28.2,17,Healthy
1792000.0,1981000.0,26.4,22.5,189000.0,27.3,-10.5,56,Healthy
170000.0,653000.0,-19.4,-6.9,483000.0,0.7,-284.1,38,Critical
2092000.0,1387000.0,17.1,16.9,0.0,13.0,33.7,12,Healthy
687000.0,531000.0,17.5,17.7,0.0,26.4,22.7,42,Healthy
1239000.0,1666000.0,12.9,9.0,427000.0,11.6,-34.5,22,Moderate Risk
127000.0,373000.0,-23.6,-7.1,246000.0,3.4,-193.7,35,Critical
322000.0,1290000.0,-23.3,-0.2,968000.0,1.4,-300.6,19,Critical
1357000.0,1703000.0,13.3,5.3,346000.0,10.5,-25.5,19,Moderate Risk
2906000.0,3694000.0,30.1,15.6,788000.0,17.9,-27.1,33,Healthy
336000.0,714000.0,-15.3,-2.2,378000.0,3.9,-112.5,15,Critical
469000.0,697000.0,6.2,10.1,228000.0,10.2,-48.6,22,Moderate Risk
1484000.0,1838000.0,23.3,30.0,354000.0,14.2,-23.9,73,Healthy
525000.0,498000.0,6.3,10.4,0.0,10.2,5.1,18,Moderate Risk
383000.0,411000.0,6.8,6.4,28000.0,11.1,-7.3,31,Moderate Risk
1269000.0,2009000.0,8.4,11.9,740000.0,6.6,-58.3,37,Moderate Risk
340000.0,1508000.0,-12.8,-10.9,1168000.0,3.4,-343.5,40,Critical
329000.0,1293000.0,-6.4,-7.4,964000.0,1.5,-293.0,27,Critical
905000.0,1225000.0,15.1,11.6,320000.0,11.9,-35.4,27,Moderate Risk
3269000.0,4001000.0,24.3,17.5,732000.0,23.0,-22.4,38,Healthy
1842000.0,2240000.0,39.5,23.4,398000.0,25.0,-21.6,20,Healthy
1472000.0,2178000.0,12.6,4.1,706000.0,8.5,-48.0,23,Moderate Risk
1992000.0,1313000.0,13.9,8.0,0.0,13.1,34.1,11,Healthy
307000.0,1077000.0,-7.0,-7.2,770000.0,0.7,-250.8,13,Critical
1368000.0,1949000.0,10.0,7.4,581000.0,9.8,-42.5,13,Moderate Risk
1288000.0,757000.0,24.0,18.3,0.0,20.1,41.2,20,Healthy
677000.0,872000.0,7.0,11.5,195000.0,9.2,-28.8,22,Moderate Risk
504000.0,494000.0,8.3,9.1,0.0,12.9,1.9,30,Moderate Risk
1106000.0,1438000.0,11.4,13.5,332000.0,6.8,-30.0,32,Moderate Risk
574000.0,526000.0,6.3,7.2,0.0,12.8,8.3,28,Moderate Risk
1050000.0,1293000.0,21.0,27.5,243000.0,7.7,-23.1,56,Healthy
1250000.0,1051000.0,22.3,16.7,0.0,34.3,15.9,17,Healthy
3324000.0,3660000.0,20.2,21.1,336000.0,23.2,-10.1,60,Healthy
519000.0,335000.0,9.7,15.1,0.0,25.5,35.5,40,Healthy
552000.0,1292000.0,-22.7,-8.3,740000.0,1.8,-134.1,33,Critical
1678000.0,1418000.0,10.2,13.3,0.0,18.4,15.5,15,Healthy
1292000.0,1863000.0,14.9,10.0,571000.0,6.7,-44.2,44,Moderate Risk
802000.0,1007000.0,7.0,10.4,205000.0,8.0,-25.6,21,Moderate Risk
1192000.0,644000.0,22.4,10.8,0.0,33.5,46.0,43,Healthy
541000.0,771000.0,11.8,8.6,230000.0,7.5,-42.5,41,Moderate Risk
1834000.0,2186000.0,31.7,33.8,352000.0,21.3,-19.2,41,Healthy
274000.0,1230000.0,-1.6,-0.2,956000.0,1.9,-348.9,19,Critical
2010000.0,1632000.0,12.8,17.2,0.0,22.3,18.8,39,Healthy
973000.0,1034000.0,7.9,9.1,61000.0,11.4,-6.3,8,Moderate Risk
946000.0,598000.0,12.7,8.0,0.0,21.6,36.8,25,Healthy
1112000.0,732000.0,17.0,13.4,0.0,23.4,34.2,43,Healthy
109000.0,265000.0,-1.4,-0.6,156000.0,4.4,-143.1,32,Critical
1382000.0,984000.0,11.5,14.5,0.0,21.9,28.8,38,Healthy
849000.0,784000.0,11.9,9.3,0.0,11.6,7.6,17,Moderate Risk
1548000.0,947000.0,14.5,19.3,0.0,10.3,38.8,23,Healthy
3136000.0,3643000.0,22.6,29.5,507000.0,19.2,-16.2,42,Healthy
393000.0,352000.0,8.3,8.1,0.0,6.2,10.5,28,Moderate Risk
291000.0,1084000.0,-12.2,-11.8,793000.0,2.8,-272.5,29,Critical
489000.0,1101000.0,-7.4,-15.0,612000.0,2.2,-125.2,7,Critical
312000.0,295000.0,4.6,7.2,0.0,14.0,5.6,24,Moderate Risk
654000.0,683000.0,11.3,3.7,29000.0,11.4,-4.4,25,Moderate Risk
2154000.0,2777000.0,35.1,31.3,623000.0,18.7,-28.9,63,Healthy
2378000.0,1917000.0,9.8,15.3,0.0,14.8,19.4,25,Healthy
89000.0,301000.0,-8.8,-8.8,212000.0,0.7,-238.2,33,Critical
774000.0,979000.0,9.3,7.8,205000.0,10.3,-26.5,26,Moderate Risk
380000.0,1594000.0,-0.1,-9.8,1214000.0,0.5,-319.5,36,Critical
3255000.0,3664000.0,17.6,33.8,409000.0,17.9,-12.6,37,Healthy
358000.0,1249000.0,-9.0,2.9,891000.0,2.0,-248.9,30,Critical
1030000.0,579000.0,11.6,15.1,0.0,22.2,43.8,20,Healthy
302000.0,840000.0,-11.3,-11.0,538000.0,3.0,-178.1,28,Critical
1405000.0,2190000.0,14.0,7.0,785000.0,5.6,-55.9,27,Moderate Risk
2240000.0,1485000.0,10.4,16.5,0.0,21.6,33.7,9,Healthy
360000.0,744000.0,-7.2,2.9,384000.0,4.4,-106.7,17,Critical
485000.0,1131000.0,-12.7,-12.2,646000.0,1.7,-133.2,15,Critical
1116000.0,1026000.0,10.4,6.6,0.0,8.6,8.1,7,Moderate Risk
192000.0,891000.0,-6.0,-15.0,699000.0,2.7,-364.1,9,Critical
534000.0,1907000.0,-12.6,-10.8,1373000.0,1.6,-257.1,30,Critical
1085000.0,1020000.0,11.6,4.7,0.0,11.7,6.0,25,Moderate Risk
1297000.0,1650000.0,38.9,24.1,353000.0,27.8,-27.2,71,Healthy
251000.0,706000.0,-11.4,-5.6,455000.0,4.3,-181.3,19,Critical
989000.0,826000.0,17.2,18.3,0.0,22.5,16.5,11,Healthy
396000.0,1043000.0,-7.0,-10.0,647000.0,3.3,-163.4,13,Critical
244000.0,1044000.0,-3.3,-10.0,800000.0,0.7,-327.9,15,Critical
2875000.0,3263000.0,18.1,12.1,388000.0,16.0,-13.5,64,Healthy
2049000.0,2435000.0,37.3,22.3,386000.0,24.5,-18.8,69,Healthy
355000.0,800000.0,-14.5,-8.3,445000.0,2.0,-125.4,6,Critical
357000.0,1261000.0,-8.7,-2.4,904000.0,1.2,-253.2,4,Critical
888000.0,996000.0,36.3,13.6,108000.0,15.8,-12.2,32,Healthy
566000.0,1393000.0,-15.0,-8.6,827000.0,1.5,-146.1,9,Critical
1072000.0,1080000.0,8.3,8.6,8000.0,6.7,-0.7,29,Moderate Risk
1189000.0,1197000.0,4.6,6.1,8000.0,6.9,-0.7,29,Moderate Risk
412000.0,1339000.0,-15.9,-8.8,927000.0,4.4,-225.0,34,Critical
2158000.0,2726000.0,39.0,13.8,568000.0,13.7,-26.3,29,Healthy
3144000.0,3868000.0,29.6,20.1,724000.0,27.5,-23.0,54,Healthy
784000.0,1014000.0,13.8,8.5,230000.0,8.5,-29.3,41,Moderate Risk
814000.0,886000.0,10.7,3.4,72000.0,6.8,-8.9,9,Moderate Risk
1009000.0,1132000.0,22.3,24.4,123000.0,15.6,-12.2,26,Healthy
999000.0,1575000.0,12.4,12.9,576000.0,10.1,-57.7,44,Moderate Risk
1210000.0,926000.0,18.1,20.2,0.0,10.3,23.5,43,Healthy
1674000.0,1008000.0,14.8,8.2,0.0,29.1,39.8,18,Healthy
458000.0,463000.0,8.7,9.1,5000.0,7.0,-1.0,25,Moderate Risk
995000.0,702000.0,16.9,9.4,0.0,22.5,29.4,31,Healthy
1014000.0,586000.0,21.7,18.2,0.0,23.6,42.2,29,Healthy
511000.0,502000.0,7.7,8.9,0.0,7.2,1.8,30,Moderate Risk
97000.0,295000.0,-12.4,1.3,198000.0,1.1,-204.1,19,Critical
79000.0,231000.0,-3.9,-2.8,152000.0,1.2,-192.4,15,Critical
633000.0,592000.0,11.0,6.6,0.0,5.3,6.5,21,Moderate Risk
2275000.0,2773000.0,31.7,30.5,498000.0,25.8,-21.9,34,Healthy
926000.0,1000000.0,11.2,7.2,74000.0,12.4,-8.0,28,Moderate Risk
1171000.0,1109000.0,8.8,8.0,0.0,7.2,5.3,26,Moderate Risk
517000.0,1577000.0,-12.5,-14.5,1060000.0,2.4,-205.0,5,Critical
331000.0,1354000.0,-6.9,-1.9,1023000.0,1.3,-309.1,38,Critical
2271000.0,1440000.0,18.5,21.1,0.0,8.6,36.6,25,Healthy
140000.0,488000.0,-7.5,-12.0,348000.0,3.2,-248.6,7,Critical
409000.0,1152000.0,-16.2,-4.7,743000.0,1.7,-181.7,17,Critical
2460000.0,3159000.0,20.3,13.5,699000.0,9.3,-28.4,56,Healthy
2084000.0,1609000.0,14.1,15.6,0.0,23.9,22.8,37,Healthy
85000.0,200000.0,-0.4,-0.9,115000.0,1.8,-135.3,29,Critical
840000.0,692000.0,18.5,10.6,0.0,32.9,17.6,45,Healthy
1119000.0,812000.0,21.8,17.1,0.0,31.0,27.4,41,Healthy
3416000.0,3988000.0,22.3,14.4,572000.0,17.9,-16.7,28,Healthy
454000.0,414000.0,9.7,10.7,0.0,7.0,8.8,18,Moderate Risk
889000.0,1270000.0,13.6,7.2,381000.0,7.8,-42.9,24,Moderate Risk
471000.0,1584000.0,-20.6,-2.6,1113000.0,2.0,-236.3,32,Critical
598000.0,1989000.0,-4.9,-13.4,1391000.0,1.2,-232.6,11,Critical
500000.0,625000.0,8.0,12.9,125000.0,10.6,-25.0,11,Moderate Risk
191000.0,514000.0,-0.6,-1.5,323000.0,2.9,-169.1,15,Critical
522000.0,1748000.0,-0.4,-4.2,1226000.0,3.5,-234.9,31,Critical
341000.0,1062000.0,2.8,-10.7,721000.0,2.2,-211.4,30,Critical
648000.0,606000.0,7.2,6.6,0.0,8.6,6.5,24,Moderate Risk
507000.0,302000.0,12.5,18.1,0.0,27.3,40.4,43,Healthy
545000.0,547000.0,5.9,5.0,2000.0,12.7,-0.4,19,Moderate Risk
202000.0,754000.0,-17.6,2.5,552000.0,3.8,-273.3,6,Critical
1395000.0,1954000.0,3.2,7.2,559000.0,15.5,-40.1,24,Moderate Risk
472000.0,729000.0,5.9,7.3,257000.0,5.0,-54.4,21,Moderate Risk
237000.0,613000.0,-8.6,-8.9,376000.0,3.0,-158.6,24,Critical
1350000.0,1632000.0,26.7,32.8,282000.0,9.4,-20.9,72,Healthy
141000.0,515000.0,0.6,-6.7,374000.0,3.7,-265.2,13,Critical
281000.0,306000.0,5.6,5.9,25000.0,8.5,-8.9,20,Moderate Risk
796000.0,836000.0,7.1,8.0,40000.0,7.8,-5.0,19,Moderate Risk
308000.0,1374000.0,-6.3,-11.5,1066000.0,3.2,-346.1,22,Critical
985000.0,620000.0,18.8,7.8,0.0,24.7,37.1,34,Healthy
1046000.0,1091000.0,4.7,3.2,45000.0,11.8,-4.3,7,Moderate Risk
642000.0,412000.0,23.4,19.9,0.0,17.5,35.8,12,Healthy
192000.0,540000.0,-14.5,-2.9,348000.0,2.6,-181.2,15,Critical
1403000.0,2241000.0,6.4,12.7,838000.0,11.1,-59.7,25,Moderate Risk
486000.0,470000.0,6.3,10.5,0.0,11.0,3.2,6,Moderate Risk
327000.0,890000.0,-5.1,-11.6,563000.0,3.4,-172.2,15,Critical
1022000.0,789000.0,24.2,11.5,0.0,9.5,22.8,44,Healthy
1498000.0,2075000.0,2.7,12.4,577000.0,15.4,-38.5,19,Moderate Risk
1913000.0,1586000.0,17.2,13.2,0.0,21.8,17.1,21,Healthy
213000.0,569000.0,-8.5,1.4,356000.0,0.6,-167.1,16,Critical
2406000.0,1932000.0,21.3,7.5,0.0,26.6,19.7,12,Healthy
102000.0,234000.0,-5.1,-8.0,132000.0,3.5,-129.4,18,Critical
1058000.0,795000.0,24.7,18.6,0.0,34.6,24.9,21,Healthy
456000.0,654000.0,4.0,11.1,198000.0,15.8,-43.4,19,Moderate Risk
1694000.0,1354000.0,5.9,16.4,0.0,16.3,20.1,18,Healthy
2895000.0,3206000.0,19.7,16.4,311000.0,24.6,-10.7,34,Healthy
184000.0,608000.0,-15.5,-7.2,424000.0,4.3,-230.4,13,Critical
190000.0,949000.0,-22.2,-7.6,759000.0,2.2,-399.5,10,Critical
562000.0,507000.0,6.1,8.9,0.0,12.7,9.7,17,Moderate Risk
240000.0,1019000.0,-18.3,-9.4,779000.0,3.1,-324.6,19,Critical
215000.0,875000.0,-13.0,-3.4,660000.0,3.9,-307.0,11,Critical
2628000.0,3115000.0,33.2,30.2,487000.0,17.5,-18.5,62,Healthy
1327000.0,1007000.0,18.1,18.0,0.0,25.4,24.1,19,Healthy
402000.0,1028000.0,-2.9,-1.5,626000.0,0.8,-155.7,25,Critical
2489000.0,3086000.0,28.3,33.3,597000.0,14.5,-24.0,46,Healthy
1150000.0,1037000.0,5.8,4.8,0.0,10.6,9.8,15,Moderate Risk
2410000.0,2762000.0,6.8,17.8,352000.0,21.1,-14.6,53,Healthy
642000.0,961000.0,9.5,12.5,319000.0,10.8,-49.7,21,Moderate Risk
2336000.0,1581000.0,18.5,10.8,0.0,17.8,32.3,30,Healthy
1603000.0,1919000.0,28.8,13.4,316000.0,18.3,-19.7,65,Healthy
1496000.0,2288000.0,5.1,10.7,792000.0,11.9,-52.9,38,Moderate Risk
255000.0,239000.0,8.2,7.2,0.0,6.0,6.4,18,Moderate Risk
1022000.0,994000.0,5.7,3.3,0.0,11.4,2.7,14,Moderate Risk
1486000.0,2127000.0,9.4,5.4,641000.0,10.5,-43.1,17,Moderate Risk
205000.0,760000.0,-10.9,-10.6,555000.0,1.1,-270.7,35,Critical
263000.0,651000.0,-16.7,-8.1,388000.0,2.0,-147.5,11,Critical
741000.0,757000.0,3.6,6.9,16000.0,15.7,-2.2,25,Moderate Risk
1811000.0,1971000.0,15.7,31.1,160000.0,26.7,-8.8,23,Healthy
1463000.0,2273000.0,9.2,9.5,810000.0,8.7,-55.4,16,Moderate Risk
274000.0,606000.0,-21.8,-6.0,332000.0,1.2,-121.2,11,Critical
279000.0,1253000.0,-12.9,-8.0,974000.0,2.6,-349.1,31,Critical
1532000.0,1963000.0,21.3,24.5,431000.0,10.3,-28.1,60,Healthy
782000.0,415000.0,20.3,21.7,0.0,32.6,46.9,43,Healthy
1515000.0,1235000.0,22.3,14.6,0.0,27.0,18.5,20,Healthy
192000.0,631000.0,-20.6,-11.2,439000.0,2.1,-228.6,31,Critical
302000.0,817000.0,-7.2,1.7,515000.0,4.2,-170.5,27,Critical
1551000.0,1997000.0,35.7,22.8,446000.0,18.2,-28.8,65,Healthy
220000.0,592000.0,-8.9,-2.8,372000.0,2.9,-169.1,10,Critical
1529000.0,1959000.0,19.7,19.5,430000.0,22.7,-28.1,67,Healthy
1628000.0,1803000.0,22.2,29.1,175000.0,23.3,-10.7,66,Healthy
2463000.0,3152000.0,26.1,31.0,689000.0,24.2,-28.0,55,Healthy
445000.0,1541000.0,-8.7,-9.8,1096000.0,4.5,-246.3,6,Critical
327000.0,747000.0,-15.5,-7.2,420000.0,2.1,-128.4,15,Critical
613000.0,808000.0,10.2,12.7,195000.0,11.0,-31.8,14,Moderate Risk
700000.0,752000.0,7.8,10.2,52000.0,11.5,-7.5,14,Moderate Risk
1174000.0,1233000.0,9.9,9.2,59000.0,8.1,-5.0,16,Moderate Risk
334000.0,1375000.0,-17.5,-5.2,1041000.0,3.5,-311.7,12,Critical
1129000.0,1102000.0,6.3,7.3,0.0,6.7,2.4,17,Moderate Risk
134000.0,400000.0,-1.8,-7.7,266000.0,4.0,-198.5,14,Critical
527000.0,481000.0,7.1,9.7,0.0,12.5,8.7,16,Moderate Risk
1146000.0,1226000.0,4.9,3.8,80000.0,11.4,-7.0,20,Moderate Risk
1048000.0,1339000.0,37.0,33.4,291000.0,9.0,-27.8,44,Healthy
945000.0,1096000.0,22.9,29.7,151000.0,25.3,-16.0,56,Healthy
200000.0,830000.0,-12.4,1.1,630000.0,1.4,-315.0,9,Critical
328000.0,909000.0,-8.0,-4.5,581000.0,3.3,-177.1,34,Critical
2326000.0,1842000.0,11.0,20.8,0.0,33.2,20.8,33,Healthy
986000.0,1370000.0,3.3,10.2,384000.0,15.7,-38.9,35,Moderate Risk
172000.0,557000.0,-3.9,-7.9,385000.0,3.6,-223.8,14,Critical
174000.0,601000.0,-10.6,-12.9,427000.0,3.9,-245.4,6,Critical
394000.0,1954000.0,-14.5,-5.3,1560000.0,1.8,-395.9,36,Critical
416000.0,1758000.0,-17.1,2.9,1342000.0,2.2,-322.6,6,Critical
1840000.0,1137000.0,9.2,16.5,0.0,28.4,38.2,42,Healthy
1447000.0,1175000.0,15.9,10.8,0.0,34.7,18.8,31,Healthy
3010000.0,3879000.0,21.6,18.6,869000.0,24.7,-28.9,63,Healthy
2985000.0,3139000.0,32.2,19.8,154000.0,24.7,-5.2,27,Healthy
1186000.0,1287000.0,28.0,29.2,101000.0,23.7,-8.5,45,Healthy
1402000.0,2013000.0,8.4,6.4,611000.0,9.9,-43.6,17,Moderate Risk
907000.0,1291000.0,8.7,5.2,384000.0,8.8,-42.3,42,Moderate Risk
176000.0,725000.0,-8.8,-7.2,549000.0,1.1,-311.9,30,Critical
405000.0,619000.0,10.3,5.0,214000.0,9.6,-52.8,23,Moderate Risk
264000.0,1058000.0,-19.1,-12.6,794000.0,0.6,-300.8,5,Critical
176000.0,550000.0,-24.9,-3.0,374000.0,1.8,-212.5,36,Critical
583000.0,1309000.0,-15.9,-2.7,726000.0,1.6,-124.5,30,Critical
111000.0,500000.0,-17.5,-5.6,389000.0,2.9,-350.5,40,Critical
109000.0,219000.0,-12.7,-2.8,110000.0,3.6,-100.9,21,Critical
1133000.0,1797000.0,13.5,11.6,664000.0,9.2,-58.6,39,Moderate Risk
1014000.0,932000.0,8.8,3.7,0.0,9.3,8.1,14,Moderate Risk
387000.0,1483000.0,-10.0,-2.1,1096000.0,2.2,-283.2,14,Critical
1284000.0,1630000.0,14.4,9.6,346000.0,11.7,-26.9,45,Moderate Risk
3413000.0,4059000.0,20.3,16.7,646000.0,13.3,-18.9,59,Healthy
1093000.0,1442000.0,9.3,9.5,349000.0,6.1,-31.9,41,Moderate Risk
892000.0,851000.0,10.1,7.3,0.0,10.3,4.6,7,Moderate Risk
1459000.0,821000.0,24.3,7.2,0.0,20.0,43.7,20,Healthy
1049000.0,951000.0,4.8,4.0,0.0,7.3,9.3,14,Moderate Risk
1151000.0,1165000.0,9.7,9.1,14000.0,8.0,-1.2,19,Moderate Risk
1829000.0,1503000.0,9.2,14.9,0.0,35.4,17.8,40,Healthy
568000.0,1502000.0,-4.9,-5.7,934000.0,3.0,-164.4,12,Critical
897000.0,939000.0,7.6,10.7,42000.0,9.4,-4.7,21,Moderate Risk
564000.0,2555000.0,-7.7,-8.9,1991000.0,2.1,-353.0,31,Critical
378000.0,373000.0,5.2,4.3,0.0,12.2,1.3,11,Moderate Risk
797000.0,1015000.0,13.0,10.6,218000.0,5.7,-27.4,15,Moderate Risk
1742000.0,2236000.0,21.1,14.8,494000.0,24.5,-28.4,61,Healthy
3148000.0,3993000.0,27.7,22.5,845000.0,18.5,-26.8,64,Healthy
210000.0,556000.0,-8.3,-11.5,346000.0,2.0,-164.8,23,Critical
570000.0,2643000.0,-5.0,-11.0,2073000.0,5.7,-363.7,9,Critical
1597000.0,1755000.0,28.8,17.7,158000.0,14.9,-9.9,53,Healthy
549000.0,1651000.0,-22.0,-10.3,1102000.0,3.8,-200.7,14,Critical
209000.0,836000.0,-5.7,-13.2,627000.0,3.7,-300.0,9,Critical
1405000.0,1499000.0,5.4,12.7,94000.0,27.3,-6.7,33,Healthy
2110000.0,1515000.0,23.5,15.5,0.0,13.6,28.2,28,Healthy
1151000.0,1182000.0,10.4,5.6,31000.0,10.3,-2.7,16,Moderate Risk
1179000.0,1124000.0,8.2,8.6,0.0,8.4,4.7,9,Moderate Risk
561000.0,1987000.0,-24.0,-12.7,1426000.0,2.1,-254.2,14,Critical
738000.0,1087000.0,15.5,11.7,349000.0,4.7,-47.3,11,Moderate Risk
412000.0,1431000.0,-2.9,-8.5,1019000.0,1.9,-247.3,19,Critical
1505000.0,1195000.0,10.6,16.9,0.0,34.6,20.6,29,Healthy
1934000.0,2196000.0,32.8,29.9,262000.0,17.3,-13.5,54,Healthy
1353000.0,1874000.0,8.4,9.5,521000.0,7.8,-38.5,21,Moderate Risk
873000.0,769000.0,7.3,6.1,0.0,7.8,11.9,7,Moderate Risk
836000.0,1092000.0,5.7,6.6,256000.0,4.9,-30.6,16,Moderate Risk
345000.0,341000.0,10.4,7.9,0.0,11.5,1.2,27,Moderate Risk
852000.0,455000.0,8.9,10.7,0.0,24.4,46.6,15,Healthy
448000.0,1501000.0,-10.2,-8.9,1053000.0,2.3,-235.0,6,Critical
158000.0,579000.0,-1.3,-1.2,421000.0,4.1,-266.5,11,Critical
206000.0,677000.0,-10.4,-5.2,471000.0,5.5,-228.6,29,Critical
434000.0,1437000.0,-6.6,-3.8,1003000.0,0.9,-231.1,21,Critical
300000.0,1156000.0,-0.0,1.6,856000.0,0.8,-285.3,9,Critical
478000.0,2124000.0,-15.4,-3.7,1646000.0,3.8,-344.4,30,Critical
3336000.0,3599000.0,18.6,34.1,263000.0,9.3,-7.9,34,Healthy
557000.0,526000.0,6.1,9.9,0.0,8.0,5.5,27,Moderate Risk
1218000.0,1369000.0,29.1,24.5,151000.0,27.5,-12.4,65,Healthy
540000.0,1814000.0,-13.0,0.9,1274000.0,1.9,-235.9,22,Critical
174000.0,376000.0,-12.2,-4.1,202000.0,3.3,-116.1,17,Critical
331000.0,1193000.0,1.0,-4.1,862000.0,2.0,-260.4,20,Critical
674000.0,932000.0,10.3,8.8,258000.0,6.8,-38.3,38,Moderate Risk
1718000.0,1087000.0,8.5,11.1,0.0,28.6,36.7,27,Healthy
552000.0,826000.0,7.3,13.1,274000.0,10.2,-49.6,42,Moderate Risk
155000.0,463000.0,-13.3,-5.0,308000.0,0.5,-198.7,25,Critical
747000.0,697000.0,6.3,7.3,0.0,7.0,6.7,28,Moderate Risk
1058000.0,742000.0,17.7,17.0,0.0,10.1,29.9,29,Healthy
1029000.0,847000.0,17.4,9.3,0.0,17.8,17.7,34,Healthy
3409000.0,4276000.0,17.6,17.8,867000.0,24.6,-25.4,59,Healthy
687000.0,498000.0,9.0,7.1,0.0,25.3,27.5,18,Healthy
1101000.0,1151000.0,4.1,10.8,50000.0,8.7,-4.5,28,Moderate Risk
1978000.0,2564000.0,7.3,16.4,586000.0,13.0,-29.6,20,Healthy
2236000.0,2808000.0,23.0,18.3,572000.0,15.2,-25.6,74,Healthy
2029000.0,1449000.0,11.9,17.6,0.0,32.2,28.6,8,Healthy
849000.0,957000.0,22.9,29.6,108000.0,27.2,-12.7,30,Healthy
159000.0,487000.0,-4.6,1.8,328000.0,4.2,-206.3,21,Critical
114000.0,308000.0,-4.4,-0.9,194000.0,2.7,-170.2,17,Critical
791000.0,983000.0,11.4,6.6,192000.0,8.3,-24.3,44,Moderate Risk
717000.0,1094000.0,15.6,8.5,377000.0,7.0,-52.6,35,Moderate Risk
559000.0,2696000.0,-0.3,1.8,2137000.0,3.0,-382.3,5,Critical
428000.0,428000.0,7.3,3.2,0.0,9.9,-0.1,17,Moderate Risk
1986000.0,2318000.0,24.5,18.3,332000.0,16.2,-16.7,52,Healthy
64000.0,150000.0,-1.4,-7.4,86000.0,1.6,-134.4,24,Critical
1042000.0,1087000.0,11.3,3.5,45000.0,12.4,-4.3,18,Moderate Risk
195000.0,531000.0,-5.2,-10.3,336000.0,1.7,-172.3,40,Critical
2398000.0,1386000.0,11.6,16.6,0.0,8.5,42.2,9,Healthy
602000.0,612000.0,4.4,6.5,10000.0,7.3,-1.6,14,Moderate Risk
2861000.0,3354000.0,33.2,22.6,493000.0,23.3,-17.2,64,Healthy
166000.0,487000.0,-10.5,-7.7,321000.0,4.1,-193.4,8,Critical
859000.0,770000.0,8.9,6.2,0.0,9.0,10.4,8,Moderate Risk
694000.0,491000.0,15.9,17.9,0.0,22.2,29.2,14,Healthy
2135000.0,2372000.0,14.1,29.3,237000.0,22.2,-11.1,67,Healthy
1407000.0,958000.0,9.0,13.9,0.0,23.0,31.9,27,Healthy
447000.0,705000.0,15.2,8.3,258000.0,5.8,-57.7,35,Moderate Risk
1120000.0,1454000.0,17.3,34.5,334000.0,7.6,-29.8,71,Healthy
315000.0,598000.0,-4.0,0.6,283000.0,3.9,-89.8,23,Critical
802000.0,793000.0,7.2,7.7,0.0,10.5,1.1,7,Moderate Risk
680000.0,895000.0,12.1,6.7,215000.0,7.2,-31.6,38,Moderate Risk
529000.0,561000.0,5.5,4.4,32000.0,4.8,-6.1,22,Moderate Risk
301000.0,278000.0,8.3,7.0,0.0,9.3,7.6,18,Moderate Risk
1060000.0,1082000.0,7.4,3.9,22000.0,4.6,-2.1,30,Moderate Risk
74000.0,138000.0,-13.0,-6.2,64000.0,4.5,-86.5,23,Critical
425000.0,1015000.0,-13.5,-7.9,590000.0,0.9,-138.8,30,Critical
420000.0,373000.0,10.4,8.7,0.0,6.2,11.1,26,Moderate Risk
68000.0,182000.0,0.1,-3.5,114000.0,2.3,-167.6,30,Critical
1166000.0,927000.0,9.9,14.6,0.0,24.3,20.5,30,Healthy
3390000.0,3949000.0,32.1,18.9,559000.0,15.1,-16.5,70,Healthy
1912000.0,1298000.0,25.0,14.2,0.0,25.5,32.1,32,Healthy
913000.0,918000.0,7.9,9.1,5000.0,12.6,-0.6,17,Moderate Risk
927000.0,1053000.0,23.9,24.1,126000.0,21.9,-13.6,62,Healthy
852000.0,791000.0,5.8,7.4,0.0,9.2,7.2,18,Moderate Risk
822000.0,1041000.0,39.3,32.9,219000.0,24.2,-26.6,65,Healthy
241000.0,841000.0,-16.9,-10.3,600000.0,1.3,-249.0,13,Critical
930000.0,683000.0,5.3,20.2,0.0,13.2,26.6,38,Healthy
328000.0,1528000.0,-18.4,-5.9,1200000.0,3.6,-365.9,7,Critical
120000.0,434000.0,2.4,-0.7,314000.0,4.5,-261.7,9,Critical
245000.0,1126000.0,-23.1,-0.7,881000.0,1.1,-359.6,35,Critical
210000.0,629000.0,-24.4,-13.4,419000.0,1.1,-199.5,18,Critical
2119000.0,2627000.0,30.8,23.3,508000.0,8.4,-24.0,68,Healthy
1399000.0,1858000.0,11.3,5.2,459000.0,10.9,-32.8,13,Moderate Risk
1152000.0,1225000.0,5.5,3.3,73000.0,7.5,-6.3,8,Moderate Risk
567000.0,2401000.0,-19.6,-7.1,1834000.0,0.6,-323.5,20,Critical
1100000.0,1234000.0,15.2,21.7,134000.0,16.1,-12.2,68,Healthy
329000.0,1395000.0,-4.4,-10.6,1066000.0,2.4,-324.0,11,Critical
955000.0,933000.0,10.3,9.4,0.0,4.9,2.3,15,Moderate Risk
358000.0,1223000.0,-11.2,-7.3,865000.0,1.2,-241.6,23,Critical
2011000.0,2573000.0,16.1,34.2,562000.0,17.4,-27.9,73,Healthy
332000.0,1251000.0,-7.5,-14.4,919000.0,2.0,-276.8,15,Critical
403000.0,583000.0,12.8,4.8,180000.0,10.7,-44.7,19,Moderate Risk
387000.0,1037000.0,-0.9,-5.8,650000.0,1.5,-168.0,8,Critical
3342000.0,3675000.0,35.6,17.6,333000.0,21.1,-10.0,62,Healthy
460000.0,1520000.0,-9.6,-5.9,1060000.0,3.8,-230.4,7,Critical
1079000.0,1370000.0,12.6,13.3,291000.0,11.8,-27.0,32,Moderate Risk
330000.0,295000.0,5.8,8.9,0.0,8.7,10.5,20,Moderate Risk
581000.0,700000.0,6.2,9.7,119000.0,6.1,-20.5,41,Moderate Risk
539000.0,2530000.0,-24.2,-5.6,1991000.0,3.3,-369.4,22,Critical
349000.0,924000.0,-23.5,-8.8,575000.0,3.7,-164.8,18,Critical
1667000.0,2020000.0,16.3,25.2,353000.0,26.4,-21.2,52,Healthy
972000.0,1407000.0,12.2,11.2,435000.0,8.6,-44.8,17,Moderate Risk
1194000.0,1441000.0,5.4,9.5,247000.0,8.1,-20.7,15,Moderate Risk
1980000.0,2277000.0,38.9,19.8,297000.0,18.5,-15.0,29,Healthy
1836000.0,1278000.0,19.7,20.8,0.0,15.8,30.4,27,Healthy
174000.0,604000.0,-11.8,-11.1,430000.0,6.5,-247.1,13,Critical
491000.0,1405000.0,-10.8,-14.4,914000.0,1.1,-186.2,10,Critical
122000.0,327000.0,-1.5,-0.3,205000.0,1.6,-168.0,15,Critical
2328000.0,2944000.0,27.7,13.0,616000.0,12.6,-26.5,31,Healthy
662000.0,355000.0,12.5,10.2,0.0,30.5,46.3,44,Healthy
1028000.0,951000.0,8.0,8.1,0.0,8.9,7.5,13,Moderate Risk
1182000.0,1131000.0,8.0,8.6,0.0,12.7,4.3,16,Moderate Risk
650000.0,385000.0,18.6,13.0,0.0,18.4,40.8,13,Healthy
522000.0,2290000.0,-10.4,-14.9,1768000.0,3.2,-338.7,35,Critical
1077000.0,1134000.0,26.4,19.8,57000.0,15.8,-5.3,21,Healthy
1785000.0,1437000.0,8.9,12.7,0.0,23.1,19.5,21,Healthy
785000.0,831000.0,11.1,6.9,46000.0,4.6,-5.9,15,Moderate Risk
524000.0,2404000.0,-0.7,1.5,1880000.0,0.6,-358.8,5,Critical
3365000.0,4283000.0,32.7,23.6,918000.0,21.4,-27.3,71,Healthy
2226000.0,2539000.0,16.9,31.1,313000.0,26.6,-14.1,75,Healthy
1291000.0,842000.0,13.1,10.2,0.0,12.2,34.8,16,Healthy
371000.0,467000.0,6.6,5.1,96000.0,10.1,-25.9,43,Moderate Risk
890000.0,909000.0,11.8,3.7,19000.0,10.6,-2.1,14,Moderate Risk
2055000.0,2385000.0,26.3,32.7,330000.0,14.6,-16.1,68,Healthy
476000.0,421000.0,11.1,3.7,0.0,7.2,11.6,28,Moderate Risk
177000.0,505000.0,-3.5,-4.7,328000.0,0.9,-185.3,32,Critical
428000.0,392000.0,10.9,10.6,0.0,10.3,8.5,21,Moderate Risk
455000.0,1963000.0,-20.0,-8.5,1508000.0,0.9,-331.4,40,Critical
1391000.0,1937000.0,6.0,7.1,546000.0,7.0,-39.3,36,Moderate Risk
1079000.0,1138000.0,6.0,7.9,59000.0,7.4,-5.5,10,Moderate Risk
2589000.0,2978000.0,15.0,14.0,389000.0,23.9,-15.0,34,Healthy
351000.0,1587000.0,-10.6,-1.0,1236000.0,2.1,-352.1,23,Critical
2679000.0,2906000.0,25.7,12.1,227000.0,8.1,-8.5,23,Healthy
168000.0,708000.0,1.3,-11.6,540000.0,6.2,-321.4,13,Critical
1029000.0,832000.0,20.7,10.9,0.0,20.8,19.1,32,Healthy
869000.0,1096000.0,11.9,7.0,227000.0,10.0,-26.1,16,Moderate Risk
849000.0,1219000.0,15.6,4.0,370000.0,8.8,-43.6,13,Moderate Risk
2992000.0,3558000.0,28.6,19.6,566000.0,21.0,-18.9,25,Healthy
919000.0,1011000.0,5.1,4.8,92000.0,4.8,-10.0,27,Moderate Risk
1308000.0,705000.0,17.8,7.6,0.0,25.7,46.1,13,Healthy
423000.0,436000.0,8.9,8.1,13000.0,11.7,-3.0,9,Moderate Risk
3493000.0,4320000.0,16.6,26.6,827000.0,18.4,-23.7,73,Healthy
483000.0,1271000.0,-13.9,-9.5,788000.0,1.4,-163.1,11,Critical
953000.0,982000.0,4.0,5.5,29000.0,6.7,-3.0,17,Moderate Risk
1350000.0,904000.0,23.4,19.4,0.0,9.9,33.0,12,Healthy
758000.0,727000.0,10.0,7.7,0.0,10.3,4.1,28,Moderate Risk
410000.0,1801000.0,-1.9,-11.8,1391000.0,0.5,-339.3,35,Critical
578000.0,2622000.0,-7.3,0.2,2044000.0,2.1,-353.6,31,Critical
1013000.0,1138000.0,5.6,20.3,125000.0,21.7,-12.3,30,Healthy
215000.0,539000.0,-18.6,-8.0,324000.0,1.2,-150.7,17,Critical
423000.0,648000.0,8.3,14.0,225000.0,10.4,-53.2,38,Moderate Risk
398000.0,1452000.0,-16.9,-9.9,1054000.0,4.0,-264.8,19,Critical
95000.0,388000.0,1.9,-6.8,293000.0,4.3,-308.4,14,Critical
263000.0,919000.0,2.4,-3.9,656000.0,1.7,-249.4,12,Critical
603000.0,543000.0,7.2,5.4,0.0,7.2,9.9,28,Moderate Risk
285000.0,925000.0,-15.5,1.6,640000.0,1.4,-224.6,40,Critical
3376000.0,4074000.0,26.7,24.4,698000.0,26.1,-20.7,57,Healthy
429000.0,452000.0,9.9,9.1,23000.0,11.8,-5.3,17,Moderate Risk
1405000.0,1513000.0,23.6,29.5,108000.0,25.4,-7.7,54,Healthy
2439000.0,1583000.0,21.3,10.5,0.0,30.1,35.1,23,Healthy
637000.0,380000.0,11.7,20.0,0.0,17.0,40.3,29,Healthy
291000.0,897000.0,0.8,-13.3,606000.0,2.3,-208.2,39,Critical
708000.0,738000.0,10.3,4.8,30000.0,8.7,-4.3,28,Moderate Risk
1041000.0,1363000.0,7.1,4.2,322000.0,5.5,-30.9,13,Moderate Risk
257000.0,226000.0,10.7,7.5,0.0,12.8,12.0,25,Moderate Risk
1091000.0,1703000.0,5.0,13.4,612000.0,9.0,-56.1,37,Moderate Risk
1228000.0,1016000.0,13.6,11.7,0.0,27.9,17.3,15,Healthy
269000.0,676000.0,-23.9,-3.5,407000.0,2.1,-151.3,12,Critical
2186000.0,2355000.0,38.6,13.0,169000.0,19.6,-7.7,68,Healthy
575000.0,1479000.0,-7.5,-13.5,904000.0,1.5,-157.2,35,Critical
1023000.0,963000.0,8.4,9.9,0.0,11.6,5.9,12,Moderate Risk
2963000.0,3650000.0,29.7,30.9,687000.0,12.3,-23.2,52,Healthy
407000.0,1925000.0,-24.7,-7.3,1518000.0,2.3,-373.0,35,Critical
677000.0,695000.0,8.5,10.5,18000.0,8.5,-2.6,14,Moderate Risk
2263000.0,1905000.0,13.6,21.0,0.0,29.7,15.8,23,Healthy
1313000.0,1431000.0,26.1,32.2,118000.0,10.3,-9.0,49,Healthy
1241000.0,885000.0,11.8,9.2,0.0,25.5,28.7,24,Healthy
2755000.0,3472000.0,39.5,24.3,717000.0,26.6,-26.0,43,Healthy
270000.0,1283000.0,-20.8,-11.2,1013000.0,0.8,-375.2,17,Critical
306000.0,967000.0,-16.2,-4.9,661000.0,2.7,-216.0,38,Critical
2253000.0,2779000.0,5.8,23.2,526000.0,24.6,-23.3,35,Healthy
1407000.0,2024000.0,9.2,5.3,617000.0,5.9,-43.9,11,Moderate Risk
103000.0,388000.0,2.7,-4.7,285000.0,3.0,-276.7,22,Critical
1923000.0,1308000.0,9.4,9.4,0.0,15.0,32.0,36,Healthy
370000.0,1250000.0,-12.9,2.5,880000.0,2.1,-237.8,34,Critical
507000.0,652000.0,8.1,12.8,145000.0,6.7,-28.6,12,Moderate Risk
2584000.0,2911000.0,25.1,27.9,327000.0,21.2,-12.7,40,Healthy
707000.0,703000.0,5.3,9.7,0.0,7.5,0.5,6,Moderate Risk
161000.0,639000.0,-14.3,0.8,478000.0,3.1,-296.9,35,Critical
215000.0,639000.0,-2.0,-4.8,424000.0,3.3,-197.2,16,Critical
775000.0,1159000.0,9.9,8.3,384000.0,11.2,-49.5,10,Moderate Risk
740000.0,724000.0,7.4,6.7,0.0,8.3,2.1,31,Moderate Risk
329000.0,1246000.0,-16.7,-1.6,917000.0,3.6,-278.7,19,Critical
674000.0,715000.0,9.3,10.7,41000.0,12.6,-6.1,29,Moderate Risk
576000.0,543000.0,9.1,6.8,0.0,10.8,5.7,27,Moderate Risk
720000.0,741000.0,8.4,4.0,21000.0,8.0,-2.9,21,Moderate Risk
77000.0,334000.0,-17.3,-10.4,257000.0,1.2,-333.8,16,Critical
815000.0,526000.0,12.6,16.9,0.0,28.2,35.4,39,Healthy
2192000.0,2648000.0,35.3,29.3,456000.0,16.7,-20.8,61,Healthy
365000.0,396000.0,5.8,4.6,31000.0,11.5,-8.6,18,Moderate Risk
2037000.0,2630000.0,26.5,21.2,593000.0,12.0,-29.1,61,Healthy
182000.0,333000.0,-16.6,-5.8,151000.0,0.5,-83.0,10,Critical
2633000.0,2799000.0,22.7,19.6,166000.0,21.7,-6.3,53,Healthy
994000.0,1419000.0,9.2,9.9,425000.0,7.9,-42.8,14,Moderate Risk
549000.0,2218000.0,-14.7,1.3,1669000.0,0.7,-304.0,19,Critical
899000.0,1396000.0,6.0,7.8,497000.0,8.6,-55.3,36,Moderate Risk
148000.0,566000.0,-24.7,-6.2,418000.0,3.4,-282.4,28,Critical
189000.0,453000.0,-19.6,-8.3,264000.0,3.9,-139.7,36,Critical
699000.0,768000.0,5.1,10.1,69000.0,9.0,-9.8,26,Moderate Risk
394000.0,373000.0,9.3,9.5,0.0,6.7,5.3,19,Moderate Risk
205000.0,419000.0,-16.1,-2.7,214000.0,6.3,-104.4,7,Critical
99000.0,240000.0,-13.9,-2.1,141000.0,2.0,-142.4,15,Critical
1024000.0,782000.0,24.9,11.3,0.0,22.7,23.6,39,Healthy
223000.0,953000.0,-15.2,-11.7,730000.0,1.0,-327.4,26,Critical
3200000.0,3796000.0,21.9,17.6,596000.0,21.9,-18.6,69,Healthy
369000.0,1195000.0,-9.3,-2.7,826000.0,2.1,-223.8,14,Critical
2601000.0,2943000.0,28.4,16.4,342000.0,22.9,-13.1,60,Healthy
413000.0,1045000.0,-3.4,2.0,632000.0,6.0,-153.0,31,Critical
2716000.0,3135000.0,14.5,19.5,419000.0,13.0,-15.4,69,Healthy
576000.0,520000.0,5.5,10.6,0.0,8.5,9.8,31,Moderate Risk
1409000.0,2131000.0,12.6,5.7,722000.0,11.4,-51.2,18,Moderate Risk
1156000.0,1254000.0,6.3,9.8,98000.0,9.3,-8.5,16,Moderate Risk
376000.0,353000.0,10.8,3.8,0.0,12.9,6.0,24,Moderate Risk
473000.0,2055000.0,-6.8,-3.1,1582000.0,2.5,-334.5,32,Critical
1461000.0,2210000.0,8.1,11.9,749000.0,7.6,-51.3,33,Moderate Risk
3460000.0,4373000.0,23.9,22.4,913000.0,25.7,-26.4,71,Healthy
549000.0,422000.0,22.4,8.1,0.0,23.4,23.1,34,Healthy
131000.0,462000.0,-23.6,1.8,331000.0,1.0,-252.7,6,Critical
405000.0,1630000.0,-17.7,-1.4,1225000.0,1.4,-302.5,21,Critical
1064000.0,1019000.0,6.2,6.3,0.0,10.7,4.2,6,Moderate Risk
1341000.0,2126000.0,11.3,10.5,785000.0,6.8,-58.5,21,Moderate Risk
1736000.0,1094000.0,16.2,14.3,0.0,26.8,37.0,8,Healthy
405000.0,439000.0,6.4,5.5,34000.0,11.9,-8.4,9,Moderate Risk
2213000.0,1321000.0,8.1,12.3,0.0,21.1,40.3,32,Healthy
2056000.0,1637000.0,17.8,20.9,0.0,19.5,20.4,44,Healthy
230000.0,876000.0,0.0,-4.6,646000.0,2.6,-280.9,36,Critical
3239000.0,3438000.0,21.6,20.6,199000.0,24.5,-6.1,27,Healthy
2488000.0,2018000.0,18.3,18.9,0.0,30.3,18.9,22,Healthy
1247000.0,1533000.0,10.3,8.0,286000.0,11.9,-22.9,42,Moderate Risk
311000.0,1521000.0,-17.2,-14.4,1210000.0,3.3,-389.1,24,Critical
521000.0,565000.0,7.9,5.6,44000.0,7.4,-8.5,27,Moderate Risk
829000.0,1016000.0,5.1,12.7,187000.0,9.8,-22.6,43,Moderate Risk
829000.0,471000.0,19.6,17.8,0.0,22.6,43.2,39,Healthy
1154000.0,1817000.0,7.2,10.2,663000.0,9.6,-57.5,28,Moderate Risk
269000.0,268000.0,8.9,9.5,0.0,8.3,0.5,16,Moderate Risk
316000.0,1173000.0,-14.1,-4.4,857000.0,1.1,-271.2,34,Critical
660000.0,940000.0,9.4,10.9,280000.0,9.2,-42.4,13,Moderate Risk
2495000.0,2006000.0,20.8,19.9,0.0,23.8,19.6,17,Healthy
1423000.0,1154000.0,16.5,17.7,0.0,32.0,18.9,40,Healthy
920000.0,1108000.0,7.7,4.9,188000.0,10.9,-20.4,31,Moderate Risk
128000.0,462000.0,-3.0,0.6,334000.0,3.5,-260.9,11,Critical
500000.0,765000.0,8.2,11.3,265000.0,7.4,-53.0,43,Moderate Risk
1336000.0,1610000.0,13.6,11.2,274000.0,8.2,-20.5,45,Moderate Risk
938000.0,840000.0,2.9,5.3,0.0,15.4,10.5,25,Moderate Risk
443000.0,1306000.0,-15.7,-11.7,863000.0,3.6,-194.8,34,Critical
1559000.0,1183000.0,8.3,19.2,0.0,35.5,24.1,35,Healthy
257000.0,510000.0,-2.0,-4.1,253000.0,3.8,-98.4,16,Critical
547000.0,789000.0,9.3,10.5,242000.0,6.7,-44.2,25,Moderate Risk
2259000.0,1645000.0,22.2,17.6,0.0,10.0,27.2,41,Healthy
1092000.0,644000.0,17.2,18.1,0.0,8.5,41.0,41,Healthy
645000.0,633000.0,5.8,4.7,0.0,6.6,1.8,16,Moderate Risk
1877000.0,1498000.0,15.9,12.1,0.0,22.0,20.2,17,Healthy
488000.0,629000.0,13.8,12.5,141000.0,10.4,-28.9,28,Moderate Risk
1239000.0,1608000.0,21.8,19.7,369000.0,23.6,-29.8,71,Healthy
1196000.0,1076000.0,6.4,10.0,0.0,12.2,10.0,14,Moderate Risk
886000.0,1021000.0,33.9,34.5,135000.0,24.1,-15.2,59,Healthy
170000.0,584000.0,-10.9,1.5,414000.0,4.0,-243.5,16,Critical
3033000.0,3575000.0,31.4,16.2,542000.0,12.5,-17.9,26,Healthy
458000.0,455000.0,7.0,3.3,0.0,6.4,0.7,12,Moderate Risk
395000.0,801000.0,0.2,1.5,406000.0,2.9,-102.8,30,Critical
518000.0,700000.0,5.3,10.8,182000.0,7.8,-35.1,18,Moderate Risk
424000.0,1439000.0,-17.9,-2.4,1015000.0,2.0,-239.4,21,Critical
668000.0,629000.0,5.2,6.3,0.0,10.4,5.9,27,Moderate Risk
1016000.0,1468000.0,8.8,12.5,452000.0,9.3,-44.5,21,Moderate Risk
1694000.0,1291000.0,24.5,15.7,0.0,27.7,23.8,22,Healthy
3167000.0,3333000.0,16.8,34.6,166000.0,20.7,-5.2,36,Healthy
254000.0,476000.0,-5.3,-7.1,222000.0,1.2,-87.4,23,Critical
3485000.0,4121000.0,29.7,14.3,636000.0,18.7,-18.2,62,Healthy
329000.0,910000.0,0.9,-4.7,581000.0,1.0,-176.6,32,Critical
787000.0,1007000.0,12.7,13.2,220000.0,5.6,-28.0,45,Moderate Risk
554000.0,706000.0,12.9,5.2,152000.0,7.9,-27.4,24,Moderate Risk
431000.0,2050000.0,-22.1,-10.0,1619000.0,1.7,-375.6,29,Critical
1698000.0,1170000.0,14.2,21.8,0.0,14.7,31.1,27,Healthy
998000.0,1068000.0,15.7,18.3,70000.0,21.3,-7.0,58,Healthy
208000.0,634000.0,-3.8,-1.8,426000.0,0.8,-204.8,10,Critical
1404000.0,776000.0,9.5,17.2,0.0,22.7,44.7,28,Healthy
338000.0,1552000.0,-14.4,-6.6,1214000.0,2.2,-359.2,29,Critical
156000.0,773000.0,-22.0,-12.7,617000.0,0.8,-395.5,28,Critical
3241000.0,3560000.0,28.8,22.1,319000.0,22.5,-9.8,67,Healthy
348000.0,854000.0,-4.1,-9.7,506000.0,2.6,-145.4,29,Critical
349000.0,1197000.0,-2.5,-2.1,848000.0,4.1,-243.0,27,Critical
627000.0,621000.0,10.8,9.5,0.0,10.6,1.0,25,Moderate Risk
267000.0,814000.0,1.9,-4.0,547000.0,0.6,-204.9,28,Critical
747000.0,817000.0,9.4,4.6,70000.0,7.0,-9.4,30,Moderate Risk
1987000.0,1377000.0,12.2,16.6,0.0,18.2,30.7,41,Healthy
1559000.0,1121000.0,12.2,8.7,0.0,27.6,28.1,19,Healthy
535000.0,493000.0,10.8,8.2,0.0,6.8,7.8,27,Moderate Risk
157000.0,557000.0,1.1,-11.0,400000.0,2.9,-254.8,23,Critical
891000.0,1420000.0,14.6,8.9,529000.0,11.3,-59.4,42,Moderate Risk
2462000.0,1898000.0,22.6,13.2,0.0,21.2,22.9,28,Healthy
1633000.0,1861000.0,26.1,30.5,228000.0,26.0,-14.0,64,Healthy
185000.0,815000.0,-17.0,-9.4,630000.0,1.4,-340.5,8,Critical
229000.0,1004000.0,-23.3,-8.4,775000.0,1.4,-338.4,8,Critical
365000.0,1106000.0,-6.2,-4.6,741000.0,3.1,-203.0,18,Critical
346000.0,935000.0,-5.9,1.6,589000.0,2.6,-170.2,5,Critical
2229000.0,1230000.0,8.0,12.9,0.0,16.0,44.8,37,Healthy
997000.0,785000.0,15.2,11.2,0.0,22.8,21.3,23,Healthy
1296000.0,1535000.0,19.9,31.7,239000.0,15.1,-18.4,27,Healthy
100000.0,387000.0,-17.5,-0.6,287000.0,3.5,-287.0,17,Critical
937000.0,1010000.0,5.8,10.9,73000.0,5.3,-7.8,15,Moderate Risk
684000.0,635000.0,4.9,6.3,0.0,11.0,7.2,26,Moderate Risk
694000.0,523000.0,18.5,10.7,0.0,21.2,24.6,18,Healthy
784000.0,1244000.0,5.4,6.0,460000.0,8.0,-58.7,33,Moderate Risk
960000.0,1023000.0,6.7,3.7,63000.0,9.2,-6.6,7,Moderate Risk
2446000.0,1587000.0,10.7,15.3,0.0,17.7,35.1,43,Healthy
2818000.0,3110000.0,21.0,24.9,292000.0,25.1,-10.4,35,Healthy
294000.0,283000.0,4.1,10.4,0.0,5.5,3.8,11,Moderate Risk
609000.0,572000.0,5.4,3.0,0.0,8.1,6.1,28,Moderate Risk
285000.0,1165000.0,-7.5,-5.8,880000.0,5.5,-308.8,27,Critical
354000.0,1385000.0,-13.7,1.5,1031000.0,4.2,-291.2,15,Critical
631000.0,454000.0,16.1,13.2,0.0,29.2,28.1,34,Healthy
578000.0,633000.0,7.3,10.7,55000.0,6.7,-9.5,9,Moderate Risk
1038000.0,1309000.0,29.3,24.1,271000.0,15.1,-26.1,43,Healthy
277000.0,264000.0,6.6,6.8,0.0,12.0,4.6,23,Moderate Risk
442000.0,422000.0,6.3,3.3,0.0,11.6,4.5,25,Moderate Risk
935000.0,1409000.0,15.7,5.0,474000.0,12.0,-50.7,25,Moderate Risk
1161000.0,1103000.0,11.3,10.6,0.0,8.2,5.0,18,Moderate Risk
137000.0,259000.0,-5.5,-5.0,122000.0,5.9,-89.1,20,Critical
452000.0,1138000.0,-6.4,-12.6,686000.0,2.1,-151.8,38,Critical
515000.0,311000.0,14.5,17.6,0.0,16.2,39.7,40,Healthy
209000.0,639000.0,-10.3,-2.3,430000.0,0.7,-205.7,8,Critical
134000.0,595000.0,-19.3,-1.5,461000.0,2.1,-344.0,24,Critical
493000.0,1289000.0,-12.2,-2.3,796000.0,1.6,-161.5,40,Critical
901000.0,958000.0,6.1,4.2,57000.0,7.9,-6.3,11,Moderate Risk
1281000.0,890000.0,24.7,10.8,0.0,27.3,30.5,9,Healthy
2211000.0,1806000.0,17.3,21.7,0.0,28.5,18.3,30,Healthy
3135000.0,3938000.0,36.6,22.6,803000.0,11.0,-25.6,21,Healthy
266000.0,733000.0,-3.1,-13.7,467000.0,3.1,-175.6,34,Critical
803000.0,838000.0,4.2,3.5,35000.0,11.7,-4.3,26,Moderate Risk
971000.0,988000.0,6.5,4.6,17000.0,11.2,-1.7,13,Moderate Risk
489000.0,1097000.0,-24.8,-11.9,608000.0,2.2,-124.3,10,Critical
